tem,ip,ill,bill,kill,fill
52339,ab,Conv,def,gate,h
,,,,,
,,,,,
,,,,,
,,,,,
,,,,,
,,,,,
,,,,,
,,,,,
,,,,,
,,,,,
,,,,,
,,,,,
,,,,,
,,,,,
,,,,,
,,,,,
,,,,,
,,,,,
,,,,,
,,,,,
,,,,,
,,,,,
,,,,,
,,,,,
,,,,,
,,,,,
,,,,,
43088,NOT APPLICABLE,Conv,KO Bottler,KO Bottler Conv,Custom SA
23354,NOT APPLICABLE,xAOC,Remaining Market,RM xAOC,Key Account Data
22798,NOT APPLICABLE,xAOC,Remaining Market,RM xAOC,Key Account Data
17454,Duane Reade Total CM,Drug,TA,TA,Key Account Data
44337,Casey's General Store RGN 9044 CM,Conv,TA,TA,Key Account Data
17866,NOT APPLICABLE,Food,SMM,SMM Food,Syndicated
23608,NOT APPLICABLE,Mass,TA,TA,Key Account Data
41770,ALBSCO Seattle Div CM,Food,TA,TA,Key Account Data
20357,Piggly Wiggly Midwest CM,Food,Remaining Market,RM Food,Key Account Data
31435,NOT APPLICABLE,Mass,TA,TA,Key Account Data
23397,Walgreens Total CM,Drug,TA,TA,Key Account Data
41115,ALBSCO Los Angeles County CM,Food,TA,TA,Key Account Data
51747,LEGACY SV Total Enterprise CM,Food,TA,TA,Key Account Data
15738,Ahold Delhaize Corp Total CM,Food,Remaining Market,RM Food,Key Account Data
40678,NOT APPLICABLE,Food,KO Bottler,KO Bottler Food,Custom SA
32026,NOT APPLICABLE,xAOC,Remaining Market,RM xAOC,Key Account Data
39444,NOT APPLICABLE,Drug,Comparative Market,CM Drug,Key Account Data
37532,EG America Quik Stop CM,Conv,Remaining Market,RM Conv,Key Account Data
43112,NOT APPLICABLE,AMC,KO Bottler,KO Bottler AMC,Custom SA
18628,Ingles Total CM,Food,Remaining Market,RM Food,Key Account Data
20643,NOT APPLICABLE,Conv,TA,TA,Key Account Data
41646,NOT APPLICABLE,xAOC,Remaining Market,RM xAOC,Key Account Data
47396,SpartanNash Michigan Retail CM,Food,TA,TA,Key Account Data
30590,Giant Eagle Total CM,Food,TA,TA,Key Account Data
46117,EG America Minit Mart CM,Conv,TA,TA,Key Account Data
40648,NOT APPLICABLE,Food,KO Bottler,KO Bottler Food,Custom SA
43085,NOT APPLICABLE,Conv,KO Bottler,KO Bottler Conv,Custom SA
38339,NOT APPLICABLE,Drug,KO Bottler,KO Bottler Drug,Custom SA
46147,NOT APPLICABLE,Food,TA,TA,Key Account Data
31421,NOT APPLICABLE,Mass,TA,TA,Key Account Data
43142,NOT APPLICABLE,AMC,KO Bottler,KO Bottler AMC,Custom SA
41779,ALBSCO Southern Div CM,Food,TA,TA,Key Account Data
44167,NOT APPLICABLE,xAOC,Remaining Market,RM xAOC,Key Account Data
30689,Raleys Banner CM,Food,Remaining Market,RM Food,Key Account Data
22637,NOT APPLICABLE,xAOC,Remaining Market,RM xAOC,Key Account Data
43056,NOT APPLICABLE,Conv,SMM,SMM Conv,Custom SA
30819,NOT APPLICABLE,Conv,TA,TA,Key Account Data
22893,NOT APPLICABLE,xAOC,Remaining Market,RM xAOC,Key Account Data
18633,Ingles Total CM,Food,TA,TA,Key Account Data
37105,Fiesta Total CM,Food,Remaining Market,RM Food,Key Account Data
17874,NOT APPLICABLE,Food,SMM,SMM Food,Syndicated
32089,NOT APPLICABLE,xAOC,Remaining Market,RM xAOC,Key Account Data
36831,Dol Gen Total CM,Dollar,TA,TA,Key Account Data
40683,NOT APPLICABLE,Food,KO Bottler,KO Bottler Food,Custom SA
31078,NOT APPLICABLE,xAOC,Remaining Market,RM xAOC,Key Account Data
38392,NOT APPLICABLE,Drug,KO Bottler,KO Bottler Drug,Custom SA
17712,El Super Total CM,Food,TA,TA,Key Account Data
20509,NOT APPLICABLE,Conv,TA,TA,Key Account Data
38357,NOT APPLICABLE,Drug,KO Bottler,KO Bottler Drug,Custom SA
34046,Cardenas Market No California  CM,Food,TA,TA,Key Account Data
41846,ALBSCO San Diego CM,Food,Remaining Market,RM Food,Key Account Data
43052,NOT APPLICABLE,Conv,KO Bottler,KO Bottler Conv,Custom SA
41848,ALBSCO Louisiana CM,Food,Remaining Market,RM Food,Key Account Data
41802,NOT APPLICABLE,xAOC,Remaining Market,RM xAOC,Key Account Data
18841,King Kullen Total CM,Food,Remaining Market,RM Food,Key Account Data
32020,NOT APPLICABLE,xAOC,Remaining Market,RM xAOC,Key Account Data
43083,NOT APPLICABLE,Conv,SMM,SMM Conv,Custom SA
51626,Circle K Gulf Coast CM,Conv,TA,TA,Key Account Data
18148,Fareway Omaha CM,Food,TA,TA,Key Account Data
15670,NOT APPLICABLE,Military,TA,TA,Key Account Data
41626,NOT APPLICABLE,Food,TA,TA,Key Account Data
40626,NOT APPLICABLE,Food,KO Bottler,KO Bottler Food,Custom SA
45747,WFM Northeast CM,Food,Remaining Market,RM Food,Key Account Data
17023,NOT APPLICABLE,Conv,TA,TA,Key Account Data
43059,NOT APPLICABLE,Conv,SMM,SMM Conv,Custom SA
51812,LEGACY SV Seattle Tacoma Division CM,Food,Remaining Market,RM Food,Key Account Data
40756,NOT APPLICABLE,Mass,KO Bottler,KO Bottler Mass,Custom SA
45651,NOT APPLICABLE,Club,TA,TA,Key Account Data
23621,NOT APPLICABLE,Mass,TA,TA,Key Account Data
38350,NOT APPLICABLE,Drug,KO Bottler,KO Bottler Drug,Custom SA
18470,NOT APPLICABLE,xAOC,Remaining Market,RM xAOC,Key Account Data
17016,NOT APPLICABLE,Drug,TA,TA,Key Account Data
17853,NOT APPLICABLE,Food,SMM,SMM Food,Syndicated
17020,NOT APPLICABLE,Conv,TA,TA,Key Account Data
47482,Wags/Rite Aid Corp Total CM,Drug,TA,TA,Key Account Data
32087,NOT APPLICABLE,xAOC,Remaining Market,RM xAOC,Key Account Data
19267,NOT APPLICABLE,Military,TA,TA,Key Account Data
40526,NOT APPLICABLE,Mass,KO Bottler,KO Bottler Mass,Custom SA
32129,NOT APPLICABLE,Mass,TA,TA,Key Account Data
15673,NOT APPLICABLE,Military,TA,TA,Key Account Data
26761,NOT APPLICABLE,Military,TA,TA,Key Account Data
40737,NOT APPLICABLE,Mass,KO Bottler,KO Bottler Mass,Custom SA
41123,ALBSCO Shaws Mass/Rhode Island CM,Food,TA,TA,Key Account Data
23641,NOT APPLICABLE,Mass,TA,TA,Key Account Data
18374,NOT APPLICABLE,xAOC,Remaining Market,RM xAOC,Key Account Data
39510,Family Dollar Total CM,Dollar,TA,TA,Key Account Data
40512,NOT APPLICABLE,Mass,KO Bottler,KO Bottler Mass,Custom SA
43058,NOT APPLICABLE,Conv,SMM,SMM Conv,Custom SA
43608,NOT APPLICABLE,AMC,Total US,Total US AMC Monster CCNA Dist AMC,Custom SA
28357,NOT APPLICABLE,Food,TA,TA,Key Account Data
31448,NOT APPLICABLE,Mass,TA,TA,Key Account Data
40510,NOT APPLICABLE,Mass,KO Bottler,KO Bottler Mass,Custom SA
15730,Ahold USA Corp Total CM,Food,TA,TA,Key Account Data
33661,ALBSCO Haggen Div CM,Food,TA,TA,Key Account Data
45757,WFM Total CM,Food,Remaining Market,RM Food,Key Account Data
16392,BJs Total CM,Club,TA,TA,Key Account Data
40524,NOT APPLICABLE,Mass,KO Bottler,KO Bottler Mass,Custom SA
41833,ALBSCO Acme Div CM,Food,Remaining Market,RM Food,Key Account Data
31074,Stop & Shop Central CM,Food,TA,TA,Key Account Data
38356,NOT APPLICABLE,Drug,KO Bottler,KO Bottler Drug,Custom SA
20183,Publix Charlotte CM,Food,TA,TA,Key Account Data
43027,NOT APPLICABLE,Conv,SMM,SMM Conv,Custom SA
43041,NOT APPLICABLE,Conv,SMM,SMM Conv,Custom SA
47410,SpartanNash Total Wholesale CM,Food,Remaining Market,RM Food,Key Account Data
38405,NOT APPLICABLE,Drug,KO Bottler,KO Bottler Drug,Custom SA
41110,NOT APPLICABLE,Food,TA,TA,Key Account Data
22781,Weis Total CM,Food,Remaining Market,RM Food,Key Account Data
51577,BJs North Region CM,Food,Remaining Market,RM Food,Key Account Data
51563,BJs Balt & Wash CM,Food,Remaining Market,RM Food,Key Account Data
40701,NOT APPLICABLE,Food,KO Bottler,KO Bottler Food,Custom SA
23223,WFM North Atlantic CM,Food,TA,TA,Key Account Data
40518,NOT APPLICABLE,Mass,KO Bottler,KO Bottler Mass,Custom SA
41154,NOT APPLICABLE,Food,TA,TA,Key Account Data
43141,NOT APPLICABLE,Conv,KO Bottler,KO Bottler Conv,Custom SA
43091,NOT APPLICABLE,Conv,KO Bottler,KO Bottler Conv,Custom SA
21939,NOT APPLICABLE,Mass,Total US,Total US Mass,Syndicated
38331,NOT APPLICABLE,Drug,KO Bottler,KO Bottler Drug,Custom SA
16269,BJs Central Region CM,Club,TA,TA,Key Account Data
38368,NOT APPLICABLE,Drug,KO Bottler,KO Bottler Drug,Custom SA
30686,Publix Lakeland CM,Food,Remaining Market,RM Food,Key Account Data
40513,NOT APPLICABLE,Mass,KO Bottler,KO Bottler Mass,Custom SA
37117,NOT APPLICABLE,Drug,Comparative Market,CM Drug,Key Account Data
17815,NOT APPLICABLE,Food,SMM,SMM Food,Syndicated
41712,NOT APPLICABLE,xAOC,Remaining Market,RM xAOC,Key Account Data
18099,Food Lion Washington CM,Food,Remaining Market,RM Food,Key Account Data
40534,NOT APPLICABLE,Food,KO Bottler,KO Bottler Food,Custom SA
40685,NOT APPLICABLE,Food,KO Bottler,KO Bottler Food,Custom SA
38352,NOT APPLICABLE,Drug,KO Bottler,KO Bottler Drug,Custom SA
40653,NOT APPLICABLE,Food,KO Bottler,KO Bottler Food,Custom SA
32189,NOT APPLICABLE,Mass,TA,TA,Key Account Data
22101,NOT APPLICABLE,Food,Total US,Total US Food,Syndicated
38378,NOT APPLICABLE,Drug,KO Bottler,KO Bottler Drug,Custom SA
17830,NOT APPLICABLE,Food,SMM,SMM Food,Syndicated
45553,AWG Oklahoma City CM,Food,TA,TA,Key Account Data
51629,Circle K New England CM,Conv,TA,TA,Key Account Data
29191,Food Maxx Total CM,Food,TA,TA,Key Account Data
18086,Food Lion Total CM,Food,Remaining Market,RM Food,Key Account Data
17104,NOT APPLICABLE,xAOC,Remaining Market,RM xAOC,Key Account Data
15751,NOT APPLICABLE,xAOC,Remaining Market,RM xAOC,Key Account Data
40733,NOT APPLICABLE,Mass,KO Bottler,KO Bottler Mass,Custom SA
15743,Ahold USA Corp Total CM,Food,Remaining Market,RM Food,Key Account Data
46195,Yesway Total CM,Conv,TA,TA,Key Account Data
46218,Yesway Total CM,Conv,Remaining Market,RM Conv,Key Account Data
47409,SpartanNash West Retail CM,Food,Remaining Market,RM Food,Key Account Data
40675,NOT APPLICABLE,Food,KO Bottler,KO Bottler Food,Custom SA
40749,NOT APPLICABLE,Mass,KO Bottler,KO Bottler Mass,Custom SA
51794,NOT APPLICABLE,xAOC,Remaining Market,RM xAOC,Key Account Data
32130,NOT APPLICABLE,Mass,TA,TA,Key Account Data
43077,NOT APPLICABLE,Conv,KO Bottler,KO Bottler Conv,Custom SA
51738,LEGACY SV Pittsburgh CM,Food,TA,TA,Key Account Data
17865,NOT APPLICABLE,Food,SMM,SMM Food,Syndicated
39518,NOT APPLICABLE,xAOC,Remaining Market,RM xAOC,Key Account Data
23366,NOT APPLICABLE,xAOC,Remaining Market,RM xAOC,Key Account Data
39434,NOT APPLICABLE,Drug,Comparative Market,CM Drug,Key Account Data
15661,NOT APPLICABLE,Military,TA,TA,Key Account Data
38123,NOT APPLICABLE,Drug,KO Bottler,KO Bottler Drug,Custom SA
37110,Fiesta Total CM,Food,TA,TA,Key Account Data
30675,Publix Total CM,Food,TA,TA,Key Account Data
15662,NOT APPLICABLE,Military,TA,TA,Key Account Data
41625,ALBSCO Eastern Div CM,Food,TA,TA,Key Account Data
41120,ALBSCO Louisiana CM,Food,TA,TA,Key Account Data
35183,Wawa Baltimore/Washington CM,Conv,Remaining Market,RM Conv,Key Account Data
28315,NOT APPLICABLE,xAOC,Remaining Market,RM xAOC,Key Account Data
43049,NOT APPLICABLE,Conv,KO Bottler,KO Bottler Conv,Custom SA
40726,NOT APPLICABLE,Mass,KO Bottler,KO Bottler Mass,Custom SA
29605,NOT APPLICABLE,xAOC,Remaining Market,RM xAOC,Key Account Data
44335,Casey's General Store RGN 9038 CM,Conv,TA,TA,Key Account Data
21098,Schnucks Core CM,Food,Remaining Market,RM Food,Key Account Data
43140,NOT APPLICABLE,Conv,KO Bottler,KO Bottler Conv,Custom SA
45658,NOT APPLICABLE,Club,TA,TA,Key Account Data
45718,WFM Northern California CM,Food,TA,TA,Key Account Data
46115,NOT APPLICABLE,Food,TA,TA,Key Account Data
40729,NOT APPLICABLE,Mass,KO Bottler,KO Bottler Mass,Custom SA
44348,Casey's General Store RGN 9027 CM,Conv,Remaining Market,RM Conv,Key Account Data
38376,NOT APPLICABLE,Drug,KO Bottler,KO Bottler Drug,Custom SA
18060,Food Lion Baltimore CM,Food,TA,TA,Key Account Data
40519,NOT APPLICABLE,Mass,KO Bottler,KO Bottler Mass,Custom SA
43098,NOT APPLICABLE,AMC,KO Bottler,KO Bottler AMC,Custom SA
40681,NOT APPLICABLE,Food,KO Bottler,KO Bottler Food,Custom SA
30776,Save Mart Corp Total CM,Food,Remaining Market,RM Food,Key Account Data
17808,NOT APPLICABLE,Food,SMM,SMM Food,Syndicated
40684,NOT APPLICABLE,Food,KO Bottler,KO Bottler Food,Custom SA
21615,HAC Total CM,Food,TA,TA,Key Account Data
17792,Acme Fresh Market Total CM,Food,Remaining Market,RM Food,Key Account Data
18505,Hannaford Total CM,Food,TA,TA,Key Account Data
40718,NOT APPLICABLE,Mass,KO Bottler,KO Bottler Mass,Custom SA
37116,NOT APPLICABLE,Food,TA,TA,Key Account Data
37530,EG America Kwik Shop CM,Conv,Remaining Market,RM Conv,Key Account Data
40600,NOT APPLICABLE,Food,KO Bottler,KO Bottler Food,Custom SA
40539,NOT APPLICABLE,Food,KO Bottler,KO Bottler Food,Custom SA
43096,NOT APPLICABLE,AMC,Total US,Total US AMC,Custom SA
23112,NOT APPLICABLE,xAOC,Remaining Market,RM xAOC,Key Account Data
51592,Circle K Grand Canyon CM,Conv,Remaining Market,RM Conv,Key Account Data
30687,Publix Miami CM,Food,Remaining Market,RM Food,Key Account Data
40671,NOT APPLICABLE,Food,KO Bottler,KO Bottler Food,Custom SA
39393,Cub Total CM,Food,Remaining Market,RM Food,Key Account Data
41627,ALBSCO Jewel Div CM,Food,TA,TA,Key Account Data
23331,NOT APPLICABLE,xAOC,Remaining Market,RM xAOC,Key Account Data
18629,NOT APPLICABLE,xAOC,Remaining Market,RM xAOC,Key Account Data
23655,NOT APPLICABLE,Mass,TA,TA,Key Account Data
34269,Rite Aid - Corp Total CM,Drug,Remaining Market,RM Drug,Key Account Data
51599,Circle K Coastal Carolinas CM,Conv,Remaining Market,RM Conv,Key Account Data
23642,NOT APPLICABLE,Mass,TA,TA,Key Account Data
23360,NOT APPLICABLE,xAOC,Remaining Market,RM xAOC,Key Account Data
22982,Weis Total CM,Food,TA,TA,Key Account Data
20187,Price Chopper Total CM,Food,Remaining Market,RM Food,Key Account Data
31418,NOT APPLICABLE,Mass,TA,TA,Key Account Data
40533,NOT APPLICABLE,Mass,KO Bottler,KO Bottler Mass,Custom SA
31273,NOT APPLICABLE,Food,TA,TA,Key Account Data
18231,Fairway Markets Total CM,Food,TA,TA,Key Account Data
43028,NOT APPLICABLE,Conv,SMM,SMM Conv,Custom SA
51602,Circle K West Coast CM,Conv,Remaining Market,RM Conv,Key Account Data
40667,NOT APPLICABLE,Food,KO Bottler,KO Bottler Food,Custom SA
41841,ALBSCO Intermountain Div CM,Food,Remaining Market,RM Food,Key Account Data
23666,NOT APPLICABLE,Mass,TA,TA,Key Account Data
43127,NOT APPLICABLE,Conv,KO Bottler,KO Bottler Conv,Custom SA
23647,NOT APPLICABLE,Mass,TA,TA,Key Account Data
23391,NOT APPLICABLE,xAOC,Remaining Market,RM xAOC,Key Account Data
22293,NOT APPLICABLE,Conv,TA,TA,Key Account Data
40705,NOT APPLICABLE,Food,KO Bottler,KO Bottler Food,Custom SA
17652,DeCA East Area CM,Military,TA,TA,Key Account Data
30604,Giant Eagle Pittsburgh CM,Food,Remaining Market,RM Food,Key Account Data
51798,Shoppers Food Warehouse CM,Food,Remaining Market,RM Food,Key Account Data
20677,NOT APPLICABLE,Conv,TA,TA,Key Account Data
32084,NOT APPLICABLE,xAOC,Remaining Market,RM xAOC,Key Account Data
40664,NOT APPLICABLE,Food,KO Bottler,KO Bottler Food,Custom SA
40668,NOT APPLICABLE,Food,KO Bottler,KO Bottler Food,Custom SA
31271,NOT APPLICABLE,Food,TA,TA,Key Account Data
31441,NOT APPLICABLE,Mass,TA,TA,Key Account Data
32086,NOT APPLICABLE,xAOC,Remaining Market,RM xAOC,Key Account Data
18950,EG America Total CM,Conv,TA,TA,Key Account Data
31451,NOT APPLICABLE,Mass,TA,TA,Key Account Data
43095,NOT APPLICABLE,Conv,KO Bottler,KO Bottler Conv,Custom SA
30622,Indiana Grocery Group Total CM,Food,Remaining Market,RM Food,Key Account Data
19004,KVAT Food City CM,Food,Remaining Market,RM Food,Key Account Data
51636,Circle K West Coast CM,Conv,TA,TA,Key Account Data
17838,NOT APPLICABLE,Food,SMM,SMM Food,Syndicated
23609,NOT APPLICABLE,Mass,TA,TA,Key Account Data
20772,NOT APPLICABLE,Conv,TA,TA,Key Account Data
17829,NOT APPLICABLE,Food,SMM,SMM Food,Syndicated
40700,NOT APPLICABLE,Food,KO Bottler,KO Bottler Food,Custom SA
21236,Save-A-Lot Core CM,Food,TA,TA,Key Account Data
32072,NOT APPLICABLE,xAOC,Remaining Market,RM xAOC,Key Account Data
51596,Circle K Heartland CM,Conv,Remaining Market,RM Conv,Key Account Data
15962,NOT APPLICABLE,Conv,TA,TA,Key Account Data
41839,ALBSCO Eastern Metro DC Balt CM,Food,Remaining Market,RM Food,Key Account Data
40724,NOT APPLICABLE,Mass,KO Bottler,KO Bottler Mass,Custom SA
40682,NOT APPLICABLE,Food,KO Bottler,KO Bottler Food,Custom SA
40538,NOT APPLICABLE,Food,KO Bottler,KO Bottler Food,Custom SA
44220,Tops Total CM,Food,Remaining Market,RM Food,Key Account Data
41813,ALBSCO Total Company Plus Haggen CM,Food,Remaining Market,RM Food,Key Account Data
51726,LEGACY SV Ft. Wayne CM,Food,TA,TA,Key Account Data
38396,NOT APPLICABLE,Drug,KO Bottler,KO Bottler Drug,Custom SA
17805,NOT APPLICABLE,Food,SMM,SMM Food,Syndicated
44132,NOT APPLICABLE,xAOC,Remaining Market,RM xAOC,Key Account Data
31081,Stop & Shop South CM,Food,Remaining Market,RM Food,Key Account Data
51603,Circle K Texas CM,Conv,Remaining Market,RM Conv,Key Account Data
32067,NOT APPLICABLE,xAOC,Remaining Market,RM xAOC,Key Account Data
28930,NOT APPLICABLE,Food,TA,TA,Key Account Data
23648,NOT APPLICABLE,Mass,TA,TA,Key Account Data
15966,NOT APPLICABLE,Conv,TA,TA,Key Account Data
16445,BJs Greater Metro New York CM,Club,TA,TA,Key Account Data
43109,NOT APPLICABLE,Conv,KO Bottler,KO Bottler Conv,Custom SA
23670,NOT APPLICABLE,Mass,TA,TA,Key Account Data
30679,NOT APPLICABLE,xAOC,Remaining Market,RM xAOC,Key Account Data
23611,NOT APPLICABLE,Mass,TA,TA,Key Account Data
23659,NOT APPLICABLE,Mass,TA,TA,Key Account Data
38366,NOT APPLICABLE,Drug,KO Bottler,KO Bottler Drug,Custom SA
17559,Food Lion Richmond CM,Food,Remaining Market,RM Food,Key Account Data
30869,NOT APPLICABLE,Conv,TA,TA,Key Account Data
23522,DeCA West Southwest CM,Military,TA,TA,Key Account Data
18314,NOT APPLICABLE,xAOC,Remaining Market,RM xAOC,Key Account Data
38374,NOT APPLICABLE,Drug,KO Bottler,KO Bottler Drug,Custom SA
23395,WFM Rocky Mountain CM,Food,TA,TA,Key Account Data
40717,NOT APPLICABLE,Mass,KO Bottler,KO Bottler Mass,Custom SA
40662,NOT APPLICABLE,Food,KO Bottler,KO Bottler Food,Custom SA
31422,NOT APPLICABLE,Mass,TA,TA,Key Account Data
40687,NOT APPLICABLE,Food,KO Bottler,KO Bottler Food,Custom SA
41843,ALBSCO All Oth Nor Cal Div CM,Food,Remaining Market,RM Food,Key Account Data
17989,Bashas Food City CM,Food,TA,TA,Key Account Data
39385,Cub Minneapolis CM,Food,Remaining Market,RM Food,Key Account Data
31440,NOT APPLICABLE,Mass,TA,TA,Key Account Data
23212,NOT APPLICABLE,xAOC,Remaining Market,RM xAOC,Key Account Data
38341,NOT APPLICABLE,Drug,KO Bottler,KO Bottler Drug,Custom SA
41850,ALBSCO Nor Cal Div CM,Food,Remaining Market,RM Food,Key Account Data
17197,DeMoulas Total CM,Food,Remaining Market,RM Food,Key Account Data
40537,NOT APPLICABLE,Food,KO Bottler,KO Bottler Food,Custom SA
51745,LEGACY SV Supplied Indep CM,Food,TA,TA,Key Account Data
40766,NOT APPLICABLE,Mass,KO Bottler,KO Bottler Mass,Custom SA
23653,NOT APPLICABLE,Mass,TA,TA,Key Account Data
18080,Food Lion Raleigh CM,Food,Remaining Market,RM Food,Key Account Data
18033,Fareway Total CM,Food,Remaining Market,RM Food,Key Account Data
38401,NOT APPLICABLE,Drug,KO Bottler,KO Bottler Drug,Custom SA
17872,NOT APPLICABLE,Food,SMM,SMM Food,Syndicated
51597,Circle K Midwest CM,Conv,Remaining Market,RM Conv,Key Account Data
23652,NOT APPLICABLE,Mass,TA,TA,Key Account Data
41720,NOT APPLICABLE,xAOC,Remaining Market,RM xAOC,Key Account Data
33070,NOT APPLICABLE,Mass,TA,TA,Key Account Data
40532,NOT APPLICABLE,Mass,KO Bottler,KO Bottler Mass,Custom SA
40540,NOT APPLICABLE,Food,KO Bottler,KO Bottler Food,Custom SA
23686,NOT APPLICABLE,xAOC,Remaining Market,RM xAOC,Key Account Data
17796,Acme Fresh Market Total CM,Food,TA,TA,Key Account Data
19005,NOT APPLICABLE,xAOC,Remaining Market,RM xAOC,Key Account Data
23029,NOT APPLICABLE,xAOC,Remaining Market,RM xAOC,Key Account Data
37534,EG America Tom Thumb CM,Conv,Remaining Market,RM Conv,Key Account Data
44218,Tops Eastern NY CM,Food,Remaining Market,RM Food,Key Account Data
15778,NOT APPLICABLE,Food,TA,TA,Key Account Data
45652,NOT APPLICABLE,Club,TA,TA,Key Account Data
23289,DeCA West Northwest ex AK & HI CM,Military,TA,TA,Key Account Data
40520,NOT APPLICABLE,Mass,KO Bottler,KO Bottler Mass,Custom SA
17388,Mapco Total CM,Conv,TA,TA,Key Account Data
39410,NOT APPLICABLE,Drug,TA,TA,Key Account Data
38336,NOT APPLICABLE,Drug,KO Bottler,KO Bottler Drug,Custom SA
40764,NOT APPLICABLE,Mass,KO Bottler,KO Bottler Mass,Custom SA
43075,NOT APPLICABLE,Conv,KO Bottler,KO Bottler Conv,Custom SA
40752,NOT APPLICABLE,Mass,KO Bottler,KO Bottler Mass,Custom SA
31427,NOT APPLICABLE,Mass,TA,TA,Key Account Data
44130,NOT APPLICABLE,xAOC,Remaining Market,RM xAOC,Key Account Data
17105,Dierbergs Total CM,Food,Remaining Market,RM Food,Key Account Data
31080,NOT APPLICABLE,xAOC,Remaining Market,RM xAOC,Key Account Data
20446,Piggly Wiggly Carolina Total CM,Food,Remaining Market,RM Food,Key Account Data
21187,ShopRite Zone 2 Philadelphia CM,Food,Remaining Market,RM Food,Key Account Data
23440,NOT APPLICABLE,xAOC,Remaining Market,RM xAOC,Key Account Data
41834,ALBSCO Acme New York CM,Food,Remaining Market,RM Food,Key Account Data
17871,NOT APPLICABLE,Food,SMM,SMM Food,Syndicated
38394,NOT APPLICABLE,Drug,KO Bottler,KO Bottler Drug,Custom SA
38342,NOT APPLICABLE,Drug,KO Bottler,KO Bottler Drug,Custom SA
38347,NOT APPLICABLE,Drug,KO Bottler,KO Bottler Drug,Custom SA
16434,BJs North Region CM,Club,TA,TA,Key Account Data
30775,Save Mart Banner Total CM,Food,Remaining Market,RM Food,Key Account Data
46096,Allegiance & Gristedes CM,Food,Remaining Market,RM Food,Key Account Data
16566,Big Y Total CM,Food,Remaining Market,RM Food,Key Account Data
43082,NOT APPLICABLE,Conv,SMM,SMM Conv,Custom SA
45675,NOT APPLICABLE,xAOC,Remaining Market,RM xAOC,Key Account Data
32078,NOT APPLICABLE,xAOC,Remaining Market,RM xAOC,Key Account Data
43057,NOT APPLICABLE,Conv,SMM,SMM Conv,Custom SA
31417,NOT APPLICABLE,Mass,TA,TA,Key Account Data
17836,NOT APPLICABLE,Food,SMM,SMM Food,Syndicated
19957,Niemann Foods Total CM,Food,TA,TA,Key Account Data
17022,NOT APPLICABLE,Conv,TA,TA,Key Account Data
17855,NOT APPLICABLE,Food,SMM,SMM Food,Syndicated
30653,Lucky Total CM,Food,Remaining Market,RM Food,Key Account Data
23657,NOT APPLICABLE,Mass,TA,TA,Key Account Data
40772,NOT APPLICABLE,Food,KO Bottler,KO Bottler Food,Custom SA
43054,NOT APPLICABLE,AMC,KO Bottler,KO Bottler AMC,Custom SA
31419,NOT APPLICABLE,Mass,TA,TA,Key Account Data
37446,Los Altos Ranch CM,Food,Remaining Market,RM Food,Key Account Data
43117,NOT APPLICABLE,Conv,SMM,SMM Conv,Custom SA
40761,NOT APPLICABLE,Mass,KO Bottler,KO Bottler Mass,Custom SA
17843,NOT APPLICABLE,Food,SMM,SMM Food,Syndicated
31420,NOT APPLICABLE,Mass,TA,TA,Key Account Data
23630,NOT APPLICABLE,Mass,TA,TA,Key Account Data
32017,NOT APPLICABLE,xAOC,Remaining Market,RM xAOC,Key Account Data
40677,NOT APPLICABLE,Food,KO Bottler,KO Bottler Food,Custom SA
32080,NOT APPLICABLE,xAOC,Remaining Market,RM xAOC,Key Account Data
43125,NOT APPLICABLE,Conv,KO Bottler,KO Bottler Conv,Custom SA
31424,NOT APPLICABLE,Mass,TA,TA,Key Account Data
38345,NOT APPLICABLE,Drug,KO Bottler,KO Bottler Drug,Custom SA
23665,NOT APPLICABLE,Mass,TA,TA,Key Account Data
23418,NOT APPLICABLE,xAOC,Remaining Market,RM xAOC,Key Account Data
38377,NOT APPLICABLE,Drug,KO Bottler,KO Bottler Drug,Custom SA
18999,Kum & Go Denver CM,Conv,TA,TA,Key Account Data
30677,NOT APPLICABLE,xAOC,Remaining Market,RM xAOC,Key Account Data
15671,NOT APPLICABLE,Military,TA,TA,Key Account Data
41852,ALBSCO So Cal Div CM,Food,Remaining Market,RM Food,Key Account Data
41838,ALBSCO Shaws Mass/Rhode Island CM,Food,Remaining Market,RM Food,Key Account Data
23617,NOT APPLICABLE,Mass,TA,TA,Key Account Data
41127,ALBSCO All Oth Nor Cal Div CM,Food,TA,TA,Key Account Data
23406,NOT APPLICABLE,xAOC,Remaining Market,RM xAOC,Key Account Data
34067,Wegmans Southern Tier CM,Food,TA,TA,Key Account Data
51731,LEGACY SV Minneapolis CM,Food,TA,TA,Key Account Data
51623,Circle K Florida CM,Conv,TA,TA,Key Account Data
51804,LEGACY SV Green Bay CM,Food,Remaining Market,RM Food,Key Account Data
41842,ALBSCO All Oth Portland Div CM,Food,Remaining Market,RM Food,Key Account Data
40680,NOT APPLICABLE,Food,KO Bottler,KO Bottler Food,Custom SA
47411,SpartanNash West Wholesale CM,Food,Remaining Market,RM Food,Key Account Data
32132,NOT APPLICABLE,Mass,TA,TA,Key Account Data
37531,EG America Loaf & Jug CM,Conv,Remaining Market,RM Conv,Key Account Data
40637,NOT APPLICABLE,Mass,KO Bottler,KO Bottler Mass,Custom SA
32134,NOT APPLICABLE,Mass,TA,TA,Key Account Data
28358,NOT APPLICABLE,Food,TA,TA,Key Account Data
31438,NOT APPLICABLE,Mass,TA,TA,Key Account Data
23620,NOT APPLICABLE,Mass,TA,TA,Key Account Data
33072,NOT APPLICABLE,Mass,TA,TA,Key Account Data
43051,NOT APPLICABLE,Conv,KO Bottler,KO Bottler Conv,Custom SA
20822,NOT APPLICABLE,Food,SMM,SMM Food,Syndicated
41630,ALBSCO Total Company CM,Food,TA,TA,Key Account Data
32995,NOT APPLICABLE,Conv,TA,TA,Key Account Data
23338,NOT APPLICABLE,xAOC,Remaining Market,RM xAOC,Key Account Data
39416,Cub Total CM,Food,TA,TA,Key Account Data
20907,Raleys & Bel Air Banners Sacramento CM,Food,TA,TA,Key Account Data
40775,NOT APPLICABLE,Food,KO Bottler,KO Bottler Food,Custom SA
18453,HAC Total CM,Food,Remaining Market,RM Food,Key Account Data
44195,NOT APPLICABLE,xAOC,Remaining Market,RM xAOC,Key Account Data
31446,NOT APPLICABLE,Mass,TA,TA,Key Account Data
46113,EG America Minit Mart CM,Conv,Remaining Market,RM Conv,Key Account Data
16752,NOT APPLICABLE,Conv,TA,TA,Key Account Data
19642,Martins Total CM,Food,TA,TA,Key Account Data
40747,NOT APPLICABLE,Mass,KO Bottler,KO Bottler Mass,Custom SA
44131,NOT APPLICABLE,xAOC,Remaining Market,RM xAOC,Key Account Data
40188,Global Partners Total CM,Conv,TA,TA,Key Account Data
20355,NOT APPLICABLE,Conv,TA,TA,Key Account Data
22941,NOT APPLICABLE,xAOC,Remaining Market,RM xAOC,Key Account Data
41128,ALBSCO All Oth Portland Div CM,Food,TA,TA,Key Account Data
19927,NOT APPLICABLE,Military,TA,TA,Key Account Data
51627,Circle K Heartland CM,Conv,TA,TA,Key Account Data
38124,NOT APPLICABLE,Drug,KO Bottler,KO Bottler Drug,Custom SA
41773,ALBSCO Shaws Div CM,Food,TA,TA,Key Account Data
45531,AWG Dallas & Ft. Worth CM,Food,TA,TA,Key Account Data
40708,NOT APPLICABLE,Food,KO Bottler,KO Bottler Food,Custom SA
45750,WFM Southern Pacific CM,Food,Remaining Market,RM Food,Key Account Data
45723,WFM Southern Pacific CM,Food,TA,TA,Key Account Data
32070,NOT APPLICABLE,xAOC,Remaining Market,RM xAOC,Key Account Data
44194,NOT APPLICABLE,xAOC,Remaining Market,RM xAOC,Key Account Data
39426,NOT APPLICABLE,Drug,Comparative Market,CM Drug,Key Account Data
21213,ShopRite Total CM,Food,TA,TA,Key Account Data
40776,NOT APPLICABLE,Food,KO Bottler,KO Bottler Food,Custom SA
30566,Food Maxx Total CM,Food,Remaining Market,RM Food,Key Account Data
19035,Lunds & Byerlys Total CM,Food,Remaining Market,RM Food,Key Account Data
17873,NOT APPLICABLE,Food,SMM,SMM Food,Syndicated
40657,NOT APPLICABLE,Food,KO Bottler,KO Bottler Food,Custom SA
34343,WFM Midwest CM,Food,Remaining Market,RM Food,Key Account Data
21720,NOT APPLICABLE,xAOC,SMM,SMM xAOC,Syndicated
16529,BJs Upstate New York CM,Club,TA,TA,Key Account Data
31423,NOT APPLICABLE,Mass,TA,TA,Key Account Data
31437,NOT APPLICABLE,Mass,TA,TA,Key Account Data
16488,Brookshire Brothers Total CM,Food,TA,TA,Key Account Data
22778,Wegmans Syracuse CM,Food,Remaining Market,RM Food,Key Account Data
32261,NOT APPLICABLE,xAOC,Remaining Market,RM xAOC,Key Account Data
40762,NOT APPLICABLE,Mass,KO Bottler,KO Bottler Mass,Custom SA
40676,NOT APPLICABLE,Food,KO Bottler,KO Bottler Food,Custom SA
38120,NOT APPLICABLE,Drug,KO Bottler,KO Bottler Drug,Custom SA
22043,Tops Total CM,Food,TA,TA,Key Account Data
51568,BJs Upstate New York CM,Food,Remaining Market,RM Food,Key Account Data
45694,NOT APPLICABLE,xAOC,Remaining Market,RM xAOC,Key Account Data
40529,NOT APPLICABLE,Mass,KO Bottler,KO Bottler Mass,Custom SA
51604,Circle K South Atlantic CM,Conv,Remaining Market,RM Conv,Key Account Data
40778,NOT APPLICABLE,Food,KO Bottler,KO Bottler Food,Custom SA
40715,NOT APPLICABLE,Mass,KO Bottler,KO Bottler Mass,Custom SA
40639,NOT APPLICABLE,Mass,KO Bottler,KO Bottler Mass,Custom SA
38364,NOT APPLICABLE,Drug,KO Bottler,KO Bottler Drug,Custom SA
43108,NOT APPLICABLE,Conv,KO Bottler,KO Bottler Conv,Custom SA
38384,NOT APPLICABLE,Drug,KO Bottler,KO Bottler Drug,Custom SA
43958,Tops Central NY CM,Food,TA,TA,Key Account Data
22525,NOT APPLICABLE,xAOC,Remaining Market,RM xAOC,Key Account Data
51601,Circle K Rocky Mountains CM,Conv,Remaining Market,RM Conv,Key Account Data
38354,NOT APPLICABLE,Drug,KO Bottler,KO Bottler Drug,Custom SA
51803,LEGACY SV Champaign CM,Food,Remaining Market,RM Food,Key Account Data
18067,Food Lion Greensboro CM,Food,Remaining Market,RM Food,Key Account Data
23663,NOT APPLICABLE,Mass,TA,TA,Key Account Data
38325,NOT APPLICABLE,Drug,KO Bottler,KO Bottler Drug,Custom SA
40741,NOT APPLICABLE,Mass,KO Bottler,KO Bottler Mass,Custom SA
43101,NOT APPLICABLE,AMC,KO Bottler,KO Bottler AMC,Custom SA
38362,NOT APPLICABLE,Drug,KO Bottler,KO Bottler Drug,Custom SA
31450,NOT APPLICABLE,Mass,TA,TA,Key Account Data
43069,NOT APPLICABLE,Conv,KO Bottler,KO Bottler Conv,Custom SA
38338,NOT APPLICABLE,Drug,KO Bottler,KO Bottler Drug,Custom SA
40731,NOT APPLICABLE,Mass,KO Bottler,KO Bottler Mass,Custom SA
41854,ALBSCO Seattle Div CM,Food,Remaining Market,RM Food,Key Account Data
40702,NOT APPLICABLE,Food,KO Bottler,KO Bottler Food,Custom SA
23614,NOT APPLICABLE,Mass,TA,TA,Key Account Data
29603,ALBSCO United Div CM,Food,TA,TA,Key Account Data
44331,Casey's General Store RGN 9057 CM,Conv,TA,TA,Key Account Data
45481,AWG Nashville CM,Food,Remaining Market,RM Food,Key Account Data
38372,NOT APPLICABLE,Drug,KO Bottler,KO Bottler Drug,Custom SA
29517,Raleys & Bel Air Banners Total CM,Food,TA,TA,Key Account Data
17804,NOT APPLICABLE,Food,SMM,SMM Food,Syndicated
38348,NOT APPLICABLE,Drug,KO Bottler,KO Bottler Drug,Custom SA
16464,BJs Greater Philadelphia CM,Club,TA,TA,Key Account Data
16349,Big Y Total CM,Food,TA,TA,Key Account Data
18031,Fareway Des Moines CM,Food,Remaining Market,RM Food,Key Account Data
43021,NOT APPLICABLE,Conv,Total US,Total US Conv,Custom SA
44219,NOT APPLICABLE,xAOC,Remaining Market,RM xAOC,Key Account Data
23669,NOT APPLICABLE,Mass,TA,TA,Key Account Data
34319,Tony's Finer Foods CM,Food,Remaining Market,RM Food,Key Account Data
43073,NOT APPLICABLE,AMC,KO Bottler,KO Bottler AMC,Custom SA
44366,Mapco Atlanta CM,Conv,Remaining Market,RM Conv,Key Account Data
21188,ShopRite Zone 3 Connecticut CM,Food,Remaining Market,RM Food,Key Account Data
40541,NOT APPLICABLE,Food,KO Bottler,KO Bottler Food,Custom SA
16514,Buehlers Total CM,Food,Remaining Market,RM Food,Key Account Data
32246,NOT APPLICABLE,xAOC,Remaining Market,RM xAOC,Key Account Data
37429,Americas Food Basket Boston CM,Food,Remaining Market,RM Food,Key Account Data
17181,DeCA East Area CM,Food,Remaining Market,RM Food,Key Account Data
19152,Hannaford MA CM,Food,Remaining Market,RM Food,Key Account Data
36261,Dol Gen West North Central CM,Dollar,TA,TA,Key Account Data
40725,NOT APPLICABLE,Mass,KO Bottler,KO Bottler Mass,Custom SA
17851,NOT APPLICABLE,Food,SMM,SMM Food,Syndicated
38351,NOT APPLICABLE,Drug,KO Bottler,KO Bottler Drug,Custom SA
41116,NOT APPLICABLE,Food,TA,TA,Key Account Data
40713,NOT APPLICABLE,Mass,KO Bottler,KO Bottler Mass,Custom SA
17816,NOT APPLICABLE,Food,SMM,SMM Food,Syndicated
39391,NOT APPLICABLE,Drug,TA,TA,Key Account Data
31426,NOT APPLICABLE,Mass,TA,TA,Key Account Data
23635,NOT APPLICABLE,Mass,TA,TA,Key Account Data
17161,NOT APPLICABLE,Military,TA,TA,Key Account Data
17818,NOT APPLICABLE,Food,SMM,SMM Food,Syndicated
32096,NOT APPLICABLE,xAOC,Remaining Market,RM xAOC,Key Account Data
23412,NOT APPLICABLE,xAOC,Remaining Market,RM xAOC,Key Account Data
23612,NOT APPLICABLE,Mass,TA,TA,Key Account Data
21212,ShopRite Zone 2 Philadelphia CM,Food,TA,TA,Key Account Data
45654,NOT APPLICABLE,Club,TA,TA,Key Account Data
18212,Festival Foods Total CM,Food,TA,TA,Key Account Data
30605,Giant Eagle Cleveland CM,Food,Remaining Market,RM Food,Key Account Data
51572,BJs Central Region CM,Food,Remaining Market,RM Food,Key Account Data
23446,NOT APPLICABLE,xAOC,Remaining Market,RM xAOC,Key Account Data
38370,NOT APPLICABLE,Drug,KO Bottler,KO Bottler Drug,Custom SA
40751,NOT APPLICABLE,Mass,KO Bottler,KO Bottler Mass,Custom SA
16379,BJs Atlanta CM,Food,Remaining Market,RM Food,Key Account Data
17833,NOT APPLICABLE,Food,SMM,SMM Food,Syndicated
22643,NOT APPLICABLE,xAOC,Remaining Market,RM xAOC,Key Account Data
46829,Kum & Go Oklahoma City CM,Conv,Remaining Market,RM Conv,Key Account Data
17827,NOT APPLICABLE,Food,SMM,SMM Food,Syndicated
17862,NOT APPLICABLE,Food,SMM,SMM Food,Syndicated
17806,NOT APPLICABLE,Food,SMM,SMM Food,Syndicated
40727,NOT APPLICABLE,Mass,KO Bottler,KO Bottler Mass,Custom SA
51800,LEGACY SV Northern Division CM,Food,Remaining Market,RM Food,Key Account Data
38397,NOT APPLICABLE,Drug,KO Bottler,KO Bottler Drug,Custom SA
32094,NOT APPLICABLE,xAOC,Remaining Market,RM xAOC,Key Account Data
51801,LEGACY SV Midwest Division CM,Food,Remaining Market,RM Food,Key Account Data
31449,NOT APPLICABLE,Mass,TA,TA,Key Account Data
21190,ShopRite Zone 5 Long I./Staten I. CM,Food,Remaining Market,RM Food,Key Account Data
18233,Fairway Markets Total CM,Food,Remaining Market,RM Food,Key Account Data
29557,ALBSCO Shaws New England CM,Food,TA,TA,Key Account Data
23607,NOT APPLICABLE,xAOC,Remaining Market,RM xAOC,Key Account Data
19556,Murphy USA Total CM,Conv,TA,TA,Key Account Data
43123,NOT APPLICABLE,Conv,KO Bottler,KO Bottler Conv,Custom SA
43032,NOT APPLICABLE,Conv,KO Bottler,KO Bottler Conv,Custom SA
29285,Lucky Total CM,Food,TA,TA,Key Account Data
15607,ALBSCO Bay Area CM,Food,Remaining Market,RM Food,Key Account Data
17832,NOT APPLICABLE,Food,SMM,SMM Food,Syndicated
40697,NOT APPLICABLE,Food,KO Bottler,KO Bottler Food,Custom SA
17401,DeMoulas Total CM,Food,TA,TA,Key Account Data
40720,NOT APPLICABLE,Mass,KO Bottler,KO Bottler Mass,Custom SA
15810,NOT APPLICABLE,Food,TA,TA,Key Account Data
40651,NOT APPLICABLE,Food,KO Bottler,KO Bottler Food,Custom SA
45753,WFM Florida CM,Food,Remaining Market,RM Food,Key Account Data
41718,ALBSCO Intermountain Div CM,Food,TA,TA,Key Account Data
43093,NOT APPLICABLE,Conv,KO Bottler,KO Bottler Conv,Custom SA
40635,NOT APPLICABLE,Food,KO Bottler,KO Bottler Food,Custom SA
31091,Stop & Shop North CM,Food,TA,TA,Key Account Data
23368,NOT APPLICABLE,xAOC,Remaining Market,RM xAOC,Key Account Data
31098,Stop & Shop South CM,Food,TA,TA,Key Account Data
40124,El Rancho Supermercado Total CM,Food,TA,TA,Key Account Data
40745,NOT APPLICABLE,Mass,KO Bottler,KO Bottler Mass,Custom SA
17812,NOT APPLICABLE,Food,SMM,SMM Food,Syndicated
40748,NOT APPLICABLE,Mass,KO Bottler,KO Bottler Mass,Custom SA
43133,NOT APPLICABLE,AMC,KO Bottler,KO Bottler AMC,Custom SA
20507,NOT APPLICABLE,Conv,TA,TA,Key Account Data
43114,NOT APPLICABLE,AMC,KO Bottler,KO Bottler AMC,Custom SA
36257,Dol Gen East North Central CM,Dollar,TA,TA,Key Account Data
40744,NOT APPLICABLE,Mass,KO Bottler,KO Bottler Mass,Custom SA
17657,DeCA East Total CM,Food,Remaining Market,RM Food,Key Account Data
22442,NOT APPLICABLE,xAOC,Remaining Market,RM xAOC,Key Account Data
15665,NOT APPLICABLE,Military,TA,TA,Key Account Data
40542,NOT APPLICABLE,Food,KO Bottler,KO Bottler Food,Custom SA
51624,Circle K Grand Canyon CM,Conv,TA,TA,Key Account Data
37441,Total Cardenas Market CM,Food,TA,TA,Key Account Data
40735,NOT APPLICABLE,Mass,KO Bottler,KO Bottler Mass,Custom SA
22481,NOT APPLICABLE,xAOC,Remaining Market,RM xAOC,Key Account Data
32069,NOT APPLICABLE,xAOC,Remaining Market,RM xAOC,Key Account Data
23622,NOT APPLICABLE,Mass,TA,TA,Key Account Data
43118,NOT APPLICABLE,Conv,SMM,SMM Conv,Custom SA
29041,ALBSCO Big Sky CM,Food,Remaining Market,RM Food,Key Account Data
17199,DeCA East Southern CM,Food,Remaining Market,RM Food,Key Account Data
41117,ALBSCO San Diego CM,Food,TA,TA,Key Account Data
40753,NOT APPLICABLE,Mass,KO Bottler,KO Bottler Mass,Custom SA
16496,BJs South Region CM,Club,TA,TA,Key Account Data
37426,Americas Food Basket Total CM,Food,Remaining Market,RM Food,Key Account Data
40774,NOT APPLICABLE,Food,KO Bottler,KO Bottler Food,Custom SA
40712,NOT APPLICABLE,Food,KO Bottler,KO Bottler Food,Custom SA
19923,NOT APPLICABLE,Military,TA,TA,Key Account Data
43030,NOT APPLICABLE,Conv,KO Bottler,KO Bottler Conv,Custom SA
22488,NOT APPLICABLE,xAOC,Remaining Market,RM xAOC,Key Account Data
17383,Mapco Atlanta CM,Conv,TA,TA,Key Account Data
45448,AWG Dallas & Ft. Worth CM,Food,Remaining Market,RM Food,Key Account Data
34330,Wegmans Southern Tier CM,Food,Remaining Market,RM Food,Key Account Data
43130,NOT APPLICABLE,Conv,KO Bottler,KO Bottler Conv,Custom SA
40631,NOT APPLICABLE,Food,KO Bottler,KO Bottler Food,Custom SA
43105,NOT APPLICABLE,Conv,SMM,SMM Conv,Custom SA
31274,NOT APPLICABLE,Food,TA,TA,Key Account Data
36266,Fiesta Dal & Ft. Worth CM,Food,TA,TA,Key Account Data
47402,SpartanNash West Wholesale CM,Food,TA,TA,Key Account Data
17561,Food Lion Richmond CM,Food,TA,TA,Key Account Data
44362,Mapco Birmingham CM,Conv,Remaining Market,RM Conv,Key Account Data
40661,NOT APPLICABLE,Food,KO Bottler,KO Bottler Food,Custom SA
23629,NOT APPLICABLE,Mass,TA,TA,Key Account Data
38390,NOT APPLICABLE,Drug,KO Bottler,KO Bottler Drug,Custom SA
46114,Allegiance & Gristedes CM,Food,TA,TA,Key Account Data
17863,NOT APPLICABLE,Food,SMM,SMM Food,Syndicated
23616,NOT APPLICABLE,Mass,TA,TA,Key Account Data
39501,NOT APPLICABLE,xAOC,Remaining Market,RM xAOC,Key Account Data
41634,NOT APPLICABLE,xAOC,Remaining Market,RM xAOC,Key Account Data
33202,Stop & Shop Total CM,Food,Remaining Market,RM Food,Key Account Data
43022,NOT APPLICABLE,Conv,SMM,SMM Conv,Custom SA
44149,NOT APPLICABLE,xAOC,Remaining Market,RM xAOC,Key Account Data
15684,Allegiance Retail Services CM,Food,Remaining Market,RM Food,Key Account Data
38330,NOT APPLICABLE,Drug,KO Bottler,KO Bottler Drug,Custom SA
43065,NOT APPLICABLE,Conv,KO Bottler,KO Bottler Conv,Custom SA
51625,Circle K Great Lakes CM,Conv,TA,TA,Key Account Data
38360,NOT APPLICABLE,Drug,KO Bottler,KO Bottler Drug,Custom SA
39521,Family Dollar California CM,Food,Remaining Market,RM Food,Key Account Data
23645,NOT APPLICABLE,Mass,TA,TA,Key Account Data
40640,NOT APPLICABLE,Mass,KO Bottler,KO Bottler Mass,Custom SA
44346,Casey's General Store RGN 9038 CM,Conv,Remaining Market,RM Conv,Key Account Data
31447,NOT APPLICABLE,Mass,TA,TA,Key Account Data
51622,Circle K Coastal Carolinas CM,Conv,TA,TA,Key Account Data
34329,Wegmans Rochester CM,Food,Remaining Market,RM Food,Key Account Data
45671,NOT APPLICABLE,xAOC,Remaining Market,RM xAOC,Key Account Data
21071,Save-A-Lot Core CM,Food,Remaining Market,RM Food,Key Account Data
17845,NOT APPLICABLE,Food,SMM,SMM Food,Syndicated
43092,NOT APPLICABLE,Conv,KO Bottler,KO Bottler Conv,Custom SA
51380,NOT APPLICABLE,Drug,KO Bottler,KO Bottler Drug,Custom SA
45637,NOT APPLICABLE,xAOC,Remaining Market,RM xAOC,Key Account Data
41855,ALBSCO Shaws Div CM,Food,Remaining Market,RM Food,Key Account Data
19000,Kum & Go Oklahoma City CM,Conv,TA,TA,Key Account Data
17834,NOT APPLICABLE,Food,SMM,SMM Food,Syndicated
43064,NOT APPLICABLE,Conv,KO Bottler,KO Bottler Conv,Custom SA
29560,Save Mart Corp Total CM,Food,TA,TA,Key Account Data
38463,GetGo Pittsburgh CM,Conv,TA,TA,Key Account Data
18285,Giant Martins Total CM,Food,TA,TA,Key Account Data
17384,Mapco Birmingham CM,Conv,TA,TA,Key Account Data
43609,NOT APPLICABLE,AMC,Total US,Total US AMC Rockstar PBNA Dist AMC,Custom SA
16486,Bashas CM,Food,Remaining Market,RM Food,Key Account Data
18492,Hannaford ME & NH CM,Food,TA,TA,Key Account Data
22195,Tops Western NY CM,Food,Remaining Market,RM Food,Key Account Data
29525,Save Mart Banner Total CM,Food,TA,TA,Key Account Data
36743,NOT APPLICABLE,xAOC,Remaining Market,RM xAOC,Key Account Data
40738,NOT APPLICABLE,Mass,KO Bottler,KO Bottler Mass,Custom SA
23118,NOT APPLICABLE,xAOC,Remaining Market,RM xAOC,Key Account Data
23646,NOT APPLICABLE,Mass,TA,TA,Key Account Data
47476,NOT APPLICABLE,Mass,TA,TA,Key Account Data
38334,NOT APPLICABLE,Drug,KO Bottler,KO Bottler Drug,Custom SA
38326,NOT APPLICABLE,Drug,KO Bottler,KO Bottler Drug,Custom SA
18081,Food Lion Raleigh CM,Food,TA,TA,Key Account Data
40652,NOT APPLICABLE,Food,KO Bottler,KO Bottler Food,Custom SA
30672,Publix Jacksonville CM,Food,TA,TA,Key Account Data
33658,ALBSCO Haggen Div CM,Food,Remaining Market,RM Food,Key Account Data
19271,NOT APPLICABLE,Military,TA,TA,Key Account Data
32159,NOT APPLICABLE,Food,TA,TA,Key Account Data
39388,NOT APPLICABLE,Drug,TA,TA,Key Account Data
30685,Publix Jacksonville CM,Food,Remaining Market,RM Food,Key Account Data
16649,Coborns Cashwise Total Corp CM,Food,TA,TA,Key Account Data
16247,Bashas Total CM,Food,Remaining Market,RM Food,Key Account Data
38329,NOT APPLICABLE,Drug,KO Bottler,KO Bottler Drug,Custom SA
17819,NOT APPLICABLE,Food,SMM,SMM Food,Syndicated
40740,NOT APPLICABLE,Mass,KO Bottler,KO Bottler Mass,Custom SA
43099,NOT APPLICABLE,AMC,KO Bottler,KO Bottler AMC,Custom SA
40650,NOT APPLICABLE,Food,KO Bottler,KO Bottler Food,Custom SA
41851,ALBSCO Portland Div CM,Food,Remaining Market,RM Food,Key Account Data
51644,GetGo Total CM,Conv,Remaining Market,RM Conv,Key Account Data
38340,NOT APPLICABLE,Drug,KO Bottler,KO Bottler Drug,Custom SA
30674,Publix Miami CM,Food,TA,TA,Key Account Data
19921,NOT APPLICABLE,Military,TA,TA,Key Account Data
38708,NOT APPLICABLE,Drug,KO Bottler,KO Bottler Drug,Custom SA
39470,NOT APPLICABLE,Drug,Comparative Market,CM Drug,Key Account Data
43023,NOT APPLICABLE,Conv,SMM,SMM Conv,Custom SA
38346,NOT APPLICABLE,Drug,KO Bottler,KO Bottler Drug,Custom SA
37458,Total Cardenas Market CM,Food,Remaining Market,RM Food,Key Account Data
47486,Wags/Rite Aid Corp Total CM,Drug,Remaining Market,RM Drug,Key Account Data
21940,Total DeCA CONUS ex AK & HI CM,Military,TA,TA,Key Account Data
18483,Hannaford MA CM,Food,TA,TA,Key Account Data
43063,NOT APPLICABLE,Conv,KO Bottler,KO Bottler Conv,Custom SA
18366,Giant Food Total CM,Food,Remaining Market,RM Food,Key Account Data
17867,NOT APPLICABLE,Food,SMM,SMM Food,Syndicated
40527,NOT APPLICABLE,Mass,KO Bottler,KO Bottler Mass,Custom SA
32100,NOT APPLICABLE,xAOC,Remaining Market,RM xAOC,Key Account Data
41745,NOT APPLICABLE,xAOC,Remaining Market,RM xAOC,Key Account Data
44207,NOT APPLICABLE,xAOC,Remaining Market,RM xAOC,Key Account Data
51743,LEGACY SV Southeast CM,Food,TA,TA,Key Account Data
23602,NOT APPLICABLE,xAOC,Remaining Market,RM xAOC,Key Account Data
38200,NOT APPLICABLE,Food,KO Bottler,KO Bottler Food,Custom SA
17858,NOT APPLICABLE,Food,SMM,SMM Food,Syndicated
36748,NOT APPLICABLE,xAOC,Remaining Market,RM xAOC,Key Account Data
38328,NOT APPLICABLE,Drug,KO Bottler,KO Bottler Drug,Custom SA
51594,Circle K Great Lakes CM,Conv,Remaining Market,RM Conv,Key Account Data
44209,Publix Atlanta CM,Food,Remaining Market,RM Food,Key Account Data
44340,Casey's General Store Total CM,Conv,Remaining Market,RM Conv,Key Account Data
40525,NOT APPLICABLE,Mass,KO Bottler,KO Bottler Mass,Custom SA
38467,GetGo Pittsburgh CM,Conv,Remaining Market,RM Conv,Key Account Data
43089,NOT APPLICABLE,Conv,KO Bottler,KO Bottler Conv,Custom SA
22531,NOT APPLICABLE,xAOC,Remaining Market,RM xAOC,Key Account Data
38388,NOT APPLICABLE,Drug,KO Bottler,KO Bottler Drug,Custom SA
51808,LEGACY SV Pittsburgh CM,Food,Remaining Market,RM Food,Key Account Data
45433,AWG Oklahoma City CM,Food,Remaining Market,RM Food,Key Account Data
16481,BJs Southeast CM,Club,TA,TA,Key Account Data
41611,NOT APPLICABLE,xAOC,Remaining Market,RM xAOC,Key Account Data
16050,NOT APPLICABLE,Food,TA,TA,Key Account Data
23662,NOT APPLICABLE,Mass,TA,TA,Key Account Data
17810,NOT APPLICABLE,Food,SMM,SMM Food,Syndicated
20283,NOT APPLICABLE,Conv,TA,TA,Key Account Data
41721,NOT APPLICABLE,xAOC,Remaining Market,RM xAOC,Key Account Data
47405,SpartanNash Michigan Retail CM,Food,Remaining Market,RM Food,Key Account Data
51766,Meijer Conv Total CM,Conv,Remaining Market,RM Conv,Key Account Data
31272,NOT APPLICABLE,Food,TA,TA,Key Account Data
38406,NOT APPLICABLE,Drug,KO Bottler,KO Bottler Drug,Custom SA
16773,Cardenas Market So California Total CM,Food,TA,TA,Key Account Data
37447,Los Altos Ranch CM,Food,TA,TA,Key Account Data
41118,NOT APPLICABLE,Food,TA,TA,Key Account Data
17875,NOT APPLICABLE,Food,SMM,SMM Food,Syndicated
31360,NOT APPLICABLE,Food,TA,TA,Key Account Data
46828,Kum & Go Denver CM,Conv,Remaining Market,RM Conv,Key Account Data
30868,NOT APPLICABLE,Conv,TA,TA,Key Account Data
17822,NOT APPLICABLE,Food,SMM,SMM Food,Syndicated
32214,NOT APPLICABLE,xAOC,Remaining Market,RM xAOC,Key Account Data
15961,NOT APPLICABLE,Conv,TA,TA,Key Account Data
43066,NOT APPLICABLE,Conv,KO Bottler,KO Bottler Conv,Custom SA
44323,Casey's General Store RGN 9033 CM,Conv,Remaining Market,RM Conv,Key Account Data
51809,LEGACY SV Minneapolis CM,Food,Remaining Market,RM Food,Key Account Data
23644,NOT APPLICABLE,Mass,TA,TA,Key Account Data
23656,NOT APPLICABLE,Mass,TA,TA,Key Account Data
51570,BJs Southeast CM,Food,Remaining Market,RM Food,Key Account Data
23660,NOT APPLICABLE,Mass,TA,TA,Key Account Data
40644,NOT APPLICABLE,Food,KO Bottler,KO Bottler Food,Custom SA
45546,AWG Nashville CM,Food,TA,TA,Key Account Data
43121,NOT APPLICABLE,Conv,KO Bottler,KO Bottler Conv,Custom SA
28892,ALBSCO Big Sky CM,Food,TA,TA,Key Account Data
43074,NOT APPLICABLE,Conv,KO Bottler,KO Bottler Conv,Custom SA
17809,NOT APPLICABLE,Food,SMM,SMM Food,Syndicated
32077,NOT APPLICABLE,xAOC,Remaining Market,RM xAOC,Key Account Data
32073,NOT APPLICABLE,xAOC,Remaining Market,RM xAOC,Key Account Data
28314,NOT APPLICABLE,xAOC,Remaining Market,RM xAOC,Key Account Data
32088,NOT APPLICABLE,xAOC,Remaining Market,RM xAOC,Key Account Data
40759,NOT APPLICABLE,Mass,KO Bottler,KO Bottler Mass,Custom SA
23634,NOT APPLICABLE,Mass,TA,TA,Key Account Data
23623,NOT APPLICABLE,Mass,TA,TA,Key Account Data
47392,SpartanNash Grand Rapids Wholesale CM,Food,TA,TA,Key Account Data
44332,Casey's General Store RGN 9028 CM,Conv,TA,TA,Key Account Data
16565,Lunds & Byerlys Total CM,Food,TA,TA,Key Account Data
33200,ShopRite Total CM,Food,Remaining Market,RM Food,Key Account Data
17346,Dierbergs Total CM,Food,TA,TA,Key Account Data
22918,Wegmans Syracuse CM,Food,TA,TA,Key Account Data
16338,BJs Greater Boston CM,Food,Remaining Market,RM Food,Key Account Data
40679,NOT APPLICABLE,Food,KO Bottler,KO Bottler Food,Custom SA
40186,Global Partners Total CM,Conv,Remaining Market,RM Conv,Key Account Data
23640,NOT APPLICABLE,Mass,TA,TA,Key Account Data
21104,Schnucks Total CM,Food,TA,TA,Key Account Data
38327,NOT APPLICABLE,Drug,KO Bottler,KO Bottler Drug,Custom SA
31434,NOT APPLICABLE,Mass,TA,TA,Key Account Data
43055,NOT APPLICABLE,AMC,KO Bottler,KO Bottler AMC,Custom SA
22920,Wegmans Total CM,Food,TA,TA,Key Account Data
32091,NOT APPLICABLE,xAOC,Remaining Market,RM xAOC,Key Account Data
51748,LEGACY SV Retail Total (Cub & Sfw) CM,Food,TA,TA,Key Account Data
23105,NOT APPLICABLE,xAOC,Remaining Market,RM xAOC,Key Account Data
51749,LEGACY SV West Region Indep CM,Food,TA,TA,Key Account Data
51641,GetGo Total CM,Conv,TA,TA,Key Account Data
19917,NOT APPLICABLE,Military,TA,TA,Key Account Data
23619,NOT APPLICABLE,Mass,TA,TA,Key Account Data
43067,NOT APPLICABLE,Conv,KO Bottler,KO Bottler Conv,Custom SA
40517,NOT APPLICABLE,Mass,KO Bottler,KO Bottler Mass,Custom SA
38121,NOT APPLICABLE,Drug,KO Bottler,KO Bottler Drug,Custom SA
22774,Wegmans Buffalo CM,Food,Remaining Market,RM Food,Key Account Data
19220,Meijer Conv Total CM,Conv,TA,TA,Key Account Data
15782,ALBSCO Bay Area CM,Food,TA,TA,Key Account Data
40714,NOT APPLICABLE,Mass,KO Bottler,KO Bottler Mass,Custom SA
31728,NOT APPLICABLE,xAOC,Remaining Market,RM xAOC,Key Account Data
40734,NOT APPLICABLE,Mass,KO Bottler,KO Bottler Mass,Custom SA
40536,NOT APPLICABLE,Food,KO Bottler,KO Bottler Food,Custom SA
23219,NOT APPLICABLE,xAOC,Remaining Market,RM xAOC,Key Account Data
23384,NOT APPLICABLE,xAOC,Remaining Market,RM xAOC,Key Account Data
18936,NOT APPLICABLE,Drug,TA,TA,Key Account Data
40543,NOT APPLICABLE,Food,KO Bottler,KO Bottler Food,Custom SA
18555,Hy-Vee Total CM,Food,TA,TA,Key Account Data
23347,NOT APPLICABLE,xAOC,Remaining Market,RM xAOC,Key Account Data
15663,NOT APPLICABLE,Military,TA,TA,Key Account Data
39415,Cub Minneapolis CM,Food,TA,TA,Key Account Data
16809,Cumberland Farms Total CM,Conv,TA,TA,Key Account Data
38349,NOT APPLICABLE,Drug,KO Bottler,KO Bottler Drug,Custom SA
41820,NOT APPLICABLE,xAOC,Remaining Market,RM xAOC,Key Account Data
39936,NOT APPLICABLE,xAOC,Remaining Market,RM xAOC,Key Account Data
15650,Ahold Delhaize Corp Total CM,Food,TA,TA,Key Account Data
17103,Delhaize America Total Corp CM,Food,Remaining Market,RM Food,Key Account Data
45449,AWG Springfield CM,Food,Remaining Market,RM Food,Key Account Data
51768,NOT APPLICABLE,xAOC,Remaining Market,RM xAOC,Key Account Data
16596,Cardenas Market So California Total CM,Food,Remaining Market,RM Food,Key Account Data
46831,Kum & Go Total CM,Conv,Remaining Market,RM Conv,Key Account Data
31428,NOT APPLICABLE,Mass,TA,TA,Key Account Data
23631,NOT APPLICABLE,Mass,TA,TA,Key Account Data
34328,Wegmans Total New York CM,Food,Remaining Market,RM Food,Key Account Data
40755,NOT APPLICABLE,Mass,KO Bottler,KO Bottler Mass,Custom SA
43060,NOT APPLICABLE,Conv,KO Bottler,KO Bottler Conv,Custom SA
31452,NOT APPLICABLE,Mass,TA,TA,Key Account Data
31444,NOT APPLICABLE,Mass,TA,TA,Key Account Data
36265,Dol Gen West South Central CM,Dollar,TA,TA,Key Account Data
17385,NOT APPLICABLE,Conv,TA,TA,Key Account Data
40763,NOT APPLICABLE,Mass,KO Bottler,KO Bottler Mass,Custom SA
31453,NOT APPLICABLE,Mass,TA,TA,Key Account Data
47399,SpartanNash Total Wholesale CM,Food,TA,TA,Key Account Data
51814,LEGACY SV Total Enterprise CM,Food,Remaining Market,RM Food,Key Account Data
40522,NOT APPLICABLE,Mass,KO Bottler,KO Bottler Mass,Custom SA
16237,Bashas CM,Food,TA,TA,Key Account Data
43035,NOT APPLICABLE,Conv,KO Bottler,KO Bottler Conv,Custom SA
43110,NOT APPLICABLE,Conv,KO Bottler,KO Bottler Conv,Custom SA
31726,NOT APPLICABLE,xAOC,Remaining Market,RM xAOC,Key Account Data
23613,NOT APPLICABLE,Mass,TA,TA,Key Account Data
43610,NOT APPLICABLE,AMC,Total US,Total US AMC Body Armor CCNA Dist AMC,Custom SA
15685,Allegiance Retail Services CM,Food,TA,TA,Key Account Data
45758,WFM South CM,Food,Remaining Market,RM Food,Key Account Data
41109,ALBSCO Acme Philadelphia CM,Food,TA,TA,Key Account Data
39386,NOT APPLICABLE,Drug,TA,TA,Key Account Data
41837,ALBSCO Jewel Chicago CM,Food,Remaining Market,RM Food,Key Account Data
38335,NOT APPLICABLE,Drug,KO Bottler,KO Bottler Drug,Custom SA
32158,NOT APPLICABLE,xAOC,Remaining Market,RM xAOC,Key Account Data
20224,Harps Total CM,Food,TA,TA,Key Account Data
40633,NOT APPLICABLE,Food,KO Bottler,KO Bottler Food,Custom SA
20201,Price Chopper Total CM,Food,TA,TA,Key Account Data
40757,NOT APPLICABLE,Mass,KO Bottler,KO Bottler Mass,Custom SA
43103,NOT APPLICABLE,Conv,SMM,SMM Conv,Custom SA
41835,ALBSCO Acme Philadelphia CM,Food,Remaining Market,RM Food,Key Account Data
22948,NOT APPLICABLE,xAOC,Remaining Market,RM xAOC,Key Account Data
23649,NOT APPLICABLE,Mass,TA,TA,Key Account Data
47407,SpartanNash Total Retail CM,Food,Remaining Market,RM Food,Key Account Data
21211,ShopRite Zone 1 New York CM,Food,TA,TA,Key Account Data
45752,WFM Pacific Northwest CM,Food,Remaining Market,RM Food,Key Account Data
22507,NOT APPLICABLE,xAOC,Remaining Market,RM xAOC,Key Account Data
41111,ALBSCO Dal & Ft Wth CM,Food,TA,TA,Key Account Data
17831,NOT APPLICABLE,Food,SMM,SMM Food,Syndicated
43061,NOT APPLICABLE,Conv,KO Bottler,KO Bottler Conv,Custom SA
41629,NOT APPLICABLE,Food,TA,TA,Key Account Data
43111,NOT APPLICABLE,Conv,KO Bottler,KO Bottler Conv,Custom SA
43024,NOT APPLICABLE,Conv,SMM,SMM Conv,Custom SA
43128,NOT APPLICABLE,Conv,KO Bottler,KO Bottler Conv,Custom SA
43038,NOT APPLICABLE,Conv,SMM,SMM Conv,Custom SA
23628,NOT APPLICABLE,Mass,TA,TA,Key Account Data
38361,NOT APPLICABLE,Drug,KO Bottler,KO Bottler Drug,Custom SA
38403,NOT APPLICABLE,Drug,KO Bottler,KO Bottler Drug,Custom SA
51634,Circle K Total CM,Conv,TA,TA,Key Account Data
45445,AWG Kansas City CM,Food,Remaining Market,RM Food,Key Account Data
21080,Stater Bros Total CM,Food,TA,TA,Key Account Data
32081,NOT APPLICABLE,xAOC,Remaining Market,RM xAOC,Key Account Data
43079,NOT APPLICABLE,Conv,KO Bottler,KO Bottler Conv,Custom SA
16916,NOT APPLICABLE,Food,TA,TA,Key Account Data
22097,EG America Tom Thumb CM,Conv,TA,TA,Key Account Data
23638,NOT APPLICABLE,Mass,TA,TA,Key Account Data
21925,EG America Turkey Hill CM,Conv,TA,TA,Key Account Data
40696,NOT APPLICABLE,Food,KO Bottler,KO Bottler Food,Custom SA
29662,Wegmans Virginia/Maryland CM,Food,TA,TA,Key Account Data
37549,Timewise Total CM,Conv,TA,TA,Key Account Data
16466,Brookshire Total CM,Food,Remaining Market,RM Food,Key Account Data
40666,NOT APPLICABLE,Food,KO Bottler,KO Bottler Food,Custom SA
23626,NOT APPLICABLE,Mass,TA,TA,Key Account Data
41836,ALBSCO Jewel Div CM,Food,Remaining Market,RM Food,Key Account Data
47477,NOT APPLICABLE,Mass,TA,TA,Key Account Data
43143,NOT APPLICABLE,AMC,KO Bottler,KO Bottler AMC,Custom SA
23325,NOT APPLICABLE,xAOC,Remaining Market,RM xAOC,Key Account Data
22998,NOT APPLICABLE,xAOC,Remaining Market,RM xAOC,Key Account Data
43126,NOT APPLICABLE,Conv,KO Bottler,KO Bottler Conv,Custom SA
47397,SpartanNash Total Retail CM,Food,TA,TA,Key Account Data
43044,NOT APPLICABLE,Conv,SMM,SMM Conv,Custom SA
18063,Food Lion Charlotte CM,Food,TA,TA,Key Account Data
43068,NOT APPLICABLE,Conv,KO Bottler,KO Bottler Conv,Custom SA
34271,Rite Aid - Western Division CM,Drug,Remaining Market,RM Drug,Key Account Data
40711,NOT APPLICABLE,Food,KO Bottler,KO Bottler Food,Custom SA
16418,BJs Miami Dade CM,Club,TA,TA,Key Account Data
15664,NOT APPLICABLE,Military,TA,TA,Key Account Data
51567,BJs Greater Metro New York CM,Food,Remaining Market,RM Food,Key Account Data
21210,ShopRite Zone 4 Hudson Valley CM,Food,TA,TA,Key Account Data
28356,NOT APPLICABLE,Food,TA,TA,Key Account Data
40515,NOT APPLICABLE,Mass,KO Bottler,KO Bottler Mass,Custom SA
43102,NOT APPLICABLE,Conv,SMM,SMM Conv,Custom SA
23429,NOT APPLICABLE,xAOC,Remaining Market,RM xAOC,Key Account Data
23036,NOT APPLICABLE,xAOC,Remaining Market,RM xAOC,Key Account Data
43115,NOT APPLICABLE,AMC,KO Bottler,KO Bottler AMC,Custom SA
31442,NOT APPLICABLE,Mass,TA,TA,Key Account Data
22196,DeCA West Total ex AK & HI CM,Military,TA,TA,Key Account Data
38371,NOT APPLICABLE,Drug,KO Bottler,KO Bottler Drug,Custom SA
33197,ShopRite Zone 4 Hudson Valley CM,Food,Remaining Market,RM Food,Key Account Data
40514,NOT APPLICABLE,Mass,KO Bottler,KO Bottler Mass,Custom SA
43036,NOT APPLICABLE,Conv,KO Bottler,KO Bottler Conv,Custom SA
30864,Wawa Baltimore/Washington CM,Conv,TA,TA,Key Account Data
51600,Circle K Southeast CM,Conv,Remaining Market,RM Conv,Key Account Data
51643,GetGo Indiana CM,Conv,Remaining Market,RM Conv,Key Account Data
47404,SpartanNash Grand Rapids Wholesale CM,Food,Remaining Market,RM Food,Key Account Data
40689,NOT APPLICABLE,Food,KO Bottler,KO Bottler Food,Custom SA
38358,NOT APPLICABLE,Drug,KO Bottler,KO Bottler Drug,Custom SA
22044,Tops Western NY CM,Food,TA,TA,Key Account Data
40728,NOT APPLICABLE,Mass,KO Bottler,KO Bottler Mass,Custom SA
44361,Mapco Nashville CM,Conv,Remaining Market,RM Conv,Key Account Data
40530,NOT APPLICABLE,Mass,KO Bottler,KO Bottler Mass,Custom SA
15964,NOT APPLICABLE,Conv,TA,TA,Key Account Data
43039,NOT APPLICABLE,Conv,SMM,SMM Conv,Custom SA
30823,NOT APPLICABLE,Conv,TA,TA,Key Account Data
18208,Festival Foods Total CM,Food,Remaining Market,RM Food,Key Account Data
19919,NOT APPLICABLE,Military,TA,TA,Key Account Data
17860,NOT APPLICABLE,Food,SMM,SMM Food,Syndicated
34064,Rite Aid - Western Division CM,Drug,TA,TA,Key Account Data
38391,NOT APPLICABLE,Drug,KO Bottler,KO Bottler Drug,Custom SA
45717,WFM Mid Atlantic CM,Food,TA,TA,Key Account Data
20054,NOT APPLICABLE,Military,TA,TA,Key Account Data
21717,NOT APPLICABLE,xAOC,SMM,SMM xAOC,Syndicated
43107,NOT APPLICABLE,Conv,KO Bottler,KO Bottler Conv,Custom SA
17711,El Super Total CM,Food,Remaining Market,RM Food,Key Account Data
22513,NOT APPLICABLE,xAOC,Remaining Market,RM xAOC,Key Account Data
23633,NOT APPLICABLE,Mass,TA,TA,Key Account Data
16430,BJs Other New England CM,Club,TA,TA,Key Account Data
40699,NOT APPLICABLE,Food,KO Bottler,KO Bottler Food,Custom SA
32131,NOT APPLICABLE,Mass,TA,TA,Key Account Data
17870,NOT APPLICABLE,Food,SMM,SMM Food,Syndicated
45691,NOT APPLICABLE,xAOC,Remaining Market,RM xAOC,Key Account Data
40638,NOT APPLICABLE,Mass,KO Bottler,KO Bottler Mass,Custom SA
19999,Hannaford NY & VT CM,Food,Remaining Market,RM Food,Key Account Data
40634,NOT APPLICABLE,Food,KO Bottler,KO Bottler Food,Custom SA
41113,ALBSCO Inland Empire CM,Food,TA,TA,Key Account Data
40716,NOT APPLICABLE,Mass,KO Bottler,KO Bottler Mass,Custom SA
38732,NOT APPLICABLE,Drug,KO Bottler,KO Bottler Drug,Custom SA
30589,Giant Eagle Pittsburgh CM,Food,TA,TA,Key Account Data
38375,NOT APPLICABLE,Drug,KO Bottler,KO Bottler Drug,Custom SA
16452,BJs Midwest CM,Club,TA,TA,Key Account Data
51640,GetGo Indiana CM,Conv,TA,TA,Key Account Data
29654,Wegmans Pennsylvania CM,Food,Remaining Market,RM Food,Key Account Data
40736,NOT APPLICABLE,Mass,KO Bottler,KO Bottler Mass,Custom SA
41125,ALBSCO All Oth Eastern Div CM,Food,TA,TA,Key Account Data
41856,ALBSCO Total Company CM,Food,Remaining Market,RM Food,Key Account Data
43084,NOT APPLICABLE,Conv,KO Bottler,KO Bottler Conv,Custom SA
40739,NOT APPLICABLE,Mass,KO Bottler,KO Bottler Mass,Custom SA
51580,BJs South Region CM,Food,Remaining Market,RM Food,Key Account Data
45631,NOT APPLICABLE,xAOC,Remaining Market,RM xAOC,Key Account Data
38457,GetGo Columbus CM,Conv,TA,TA,Key Account Data
17990,Bashas Food City CM,Food,Remaining Market,RM Food,Key Account Data
30626,Indiana Grocery Group Total CM,Food,TA,TA,Key Account Data
43037,NOT APPLICABLE,AMC,KO Bottler,KO Bottler AMC,Custom SA
43137,NOT APPLICABLE,Conv,KO Bottler,KO Bottler Conv,Custom SA
17019,NOT APPLICABLE,Conv,TA,TA,Key Account Data
51635,Circle K Texas CM,Conv,TA,TA,Key Account Data
51633,Circle K Southeast CM,Conv,TA,TA,Key Account Data
39522,Family Dollar Total CM,Food,Remaining Market,RM Food,Key Account Data
44151,NOT APPLICABLE,xAOC,Remaining Market,RM xAOC,Key Account Data
41722,NOT APPLICABLE,xAOC,Remaining Market,RM xAOC,Key Account Data
36747,NOT APPLICABLE,xAOC,Remaining Market,RM xAOC,Key Account Data
23010,NOT APPLICABLE,xAOC,Remaining Market,RM xAOC,Key Account Data
40647,NOT APPLICABLE,Food,KO Bottler,KO Bottler Food,Custom SA
32066,NOT APPLICABLE,xAOC,Remaining Market,RM xAOC,Key Account Data
23124,NOT APPLICABLE,xAOC,Remaining Market,RM xAOC,Key Account Data
40750,NOT APPLICABLE,Mass,KO Bottler,KO Bottler Mass,Custom SA
30870,NOT APPLICABLE,Conv,TA,TA,Key Account Data
22790,DeCA West Total ex AK & HI CM,Food,Remaining Market,RM Food,Key Account Data
31077,Stop & Shop Central CM,Food,Remaining Market,RM Food,Key Account Data
31432,NOT APPLICABLE,Mass,TA,TA,Key Account Data
16228,BJs Atlanta CM,Club,TA,TA,Key Account Data
41743,ALBSCO Nor Cal Div CM,Food,TA,TA,Key Account Data
40746,NOT APPLICABLE,Mass,KO Bottler,KO Bottler Mass,Custom SA
18970,EG America Kwik Shop CM,Conv,TA,TA,Key Account Data
38365,NOT APPLICABLE,Drug,KO Bottler,KO Bottler Drug,Custom SA
23636,NOT APPLICABLE,Mass,TA,TA,Key Account Data
36260,Dol Gen Mountain CM,Dollar,TA,TA,Key Account Data
38367,NOT APPLICABLE,Drug,KO Bottler,KO Bottler Drug,Custom SA
36749,NOT APPLICABLE,xAOC,Remaining Market,RM xAOC,Key Account Data
23018,NOT APPLICABLE,xAOC,Remaining Market,RM xAOC,Key Account Data
51632,Circle K South Atlantic CM,Conv,TA,TA,Key Account Data
17386,Mapco Nashville CM,Conv,TA,TA,Key Account Data
38456,GetGo Cleveland CM,Conv,TA,TA,Key Account Data
51606,Circle K Total CM,Conv,Remaining Market,RM Conv,Key Account Data
32071,NOT APPLICABLE,xAOC,Remaining Market,RM xAOC,Key Account Data
30608,NOT APPLICABLE,xAOC,Remaining Market,RM xAOC,Key Account Data
40528,NOT APPLICABLE,Mass,KO Bottler,KO Bottler Mass,Custom SA
15667,NOT APPLICABLE,Military,TA,TA,Key Account Data
41844,ALBSCO Inland Empire CM,Food,Remaining Market,RM Food,Key Account Data
17807,NOT APPLICABLE,Food,SMM,SMM Food,Syndicated
41849,ALBSCO Eastern Div CM,Food,Remaining Market,RM Food,Key Account Data
15741,NOT APPLICABLE,xAOC,Remaining Market,RM xAOC,Key Account Data
51569,BJs Miami Dade CM,Food,Remaining Market,RM Food,Key Account Data
32075,NOT APPLICABLE,xAOC,Remaining Market,RM xAOC,Key Account Data
38399,NOT APPLICABLE,Drug,KO Bottler,KO Bottler Drug,Custom SA
40511,NOT APPLICABLE,Mass,KO Bottler,KO Bottler Mass,Custom SA
18518,Harps Total CM,Food,Remaining Market,RM Food,Key Account Data
51727,LEGACY SV Green Bay CM,Food,TA,TA,Key Account Data
51628,Circle K Midwest CM,Conv,TA,TA,Key Account Data
41840,ALBSCO All Oth Eastern Div CM,Food,Remaining Market,RM Food,Key Account Data
32090,NOT APPLICABLE,xAOC,Remaining Market,RM xAOC,Key Account Data
51825,LEGACY SV Retail Total (Cub & Sfw) CM,Food,Remaining Market,RM Food,Key Account Data
40686,NOT APPLICABLE,Food,KO Bottler,KO Bottler Food,Custom SA
40508,NOT APPLICABLE,Mass,KO Bottler,KO Bottler Mass,Custom SA
51630,Circle K Northern Tier CM,Conv,TA,TA,Key Account Data
19141,Lowes Food Banner Total CM,Food,TA,TA,Key Account Data
44329,Casey's General Store RGN 9028 CM,Conv,Remaining Market,RM Conv,Key Account Data
45638,NOT APPLICABLE,xAOC,Remaining Market,RM xAOC,Key Account Data
40669,NOT APPLICABLE,Food,KO Bottler,KO Bottler Food,Custom SA
17552,NOT APPLICABLE,Drug,Total US,Total US Drug,Syndicated
43090,NOT APPLICABLE,Conv,KO Bottler,KO Bottler Conv,Custom SA
51598,Circle K New England CM,Conv,Remaining Market,RM Conv,Key Account Data
22519,NOT APPLICABLE,xAOC,Remaining Market,RM xAOC,Key Account Data
41211,NOT APPLICABLE,xAOC,Remaining Market,RM xAOC,Key Account Data
20190,Price Chopper Enterprises Total CM,Food,TA,TA,Key Account Data
41632,NOT APPLICABLE,xAOC,Remaining Market,RM xAOC,Key Account Data
41723,NOT APPLICABLE,xAOC,Remaining Market,RM xAOC,Key Account Data
20078,NOT APPLICABLE,Food,SMM,SMM Food,Syndicated
44336,Casey's General Store RGN 9033 CM,Conv,TA,TA,Key Account Data
38369,NOT APPLICABLE,Drug,KO Bottler,KO Bottler Drug,Custom SA
45719,WFM Northeast CM,Food,TA,TA,Key Account Data
22850,WFM Florida CM,Food,TA,TA,Key Account Data
51734,LEGACY SV Midwest Division CM,Food,TA,TA,Key Account Data
22929,NOT APPLICABLE,xAOC,Remaining Market,RM xAOC,Key Account Data
31361,NOT APPLICABLE,Food,TA,TA,Key Account Data
20913,NOT APPLICABLE,Conv,TA,TA,Key Account Data
43033,NOT APPLICABLE,Conv,KO Bottler,KO Bottler Conv,Custom SA
21186,ShopRite Zone 1 New York CM,Food,Remaining Market,RM Food,Key Account Data
43026,NOT APPLICABLE,Conv,SMM,SMM Conv,Custom SA
32079,NOT APPLICABLE,xAOC,Remaining Market,RM xAOC,Key Account Data
51786,NOT APPLICABLE,xAOC,Remaining Market,RM xAOC,Key Account Data
20192,Price Chopper Enterprises Total CM,Food,Remaining Market,RM Food,Key Account Data
32068,NOT APPLICABLE,xAOC,Remaining Market,RM xAOC,Key Account Data
31429,NOT APPLICABLE,Mass,TA,TA,Key Account Data
43025,NOT APPLICABLE,Conv,SMM,SMM Conv,Custom SA
29248,ALBSCO Idaho CM,Food,Remaining Market,RM Food,Key Account Data
33201,NOT APPLICABLE,xAOC,Remaining Market,RM xAOC,Key Account Data
45756,WFM Southwest CM,Food,Remaining Market,RM Food,Key Account Data
51564,BJs Midwest CM,Food,Remaining Market,RM Food,Key Account Data
32083,NOT APPLICABLE,xAOC,Remaining Market,RM xAOC,Key Account Data
17826,NOT APPLICABLE,Food,SMM,SMM Food,Syndicated
23667,NOT APPLICABLE,Mass,TA,TA,Key Account Data
40706,NOT APPLICABLE,Food,KO Bottler,KO Bottler Food,Custom SA
32153,NOT APPLICABLE,Mass,TA,TA,Key Account Data
51718,LEGACY SV Central Region Indp CM,Food,TA,TA,Key Account Data
17747,DeCA East Southern CM,Military,TA,TA,Key Account Data
37431,Americas Food Basket NY CM,Food,Remaining Market,RM Food,Key Account Data
39463,NOT APPLICABLE,Drug,Comparative Market,CM Drug,Key Account Data
47475,NOT APPLICABLE,Mass,TA,TA,Key Account Data
16526,Buehlers Total CM,Food,TA,TA,Key Account Data
38465,GetGo Columbus CM,Conv,Remaining Market,RM Conv,Key Account Data
45574,Kmart Total CM,Mass,TA,TA,Key Account Data
40773,NOT APPLICABLE,Food,KO Bottler,KO Bottler Food,Custom SA
40719,NOT APPLICABLE,Mass,KO Bottler,KO Bottler Mass,Custom SA
23658,NOT APPLICABLE,Mass,TA,TA,Key Account Data
17824,NOT APPLICABLE,Food,SMM,SMM Food,Syndicated
16026,NOT APPLICABLE,Conv,TA,TA,Key Account Data
20388,NOT APPLICABLE,xAOC,Remaining Market,RM xAOC,Key Account Data
51721,LEGACY SV East Region Indep CM,Food,TA,TA,Key Account Data
39443,NOT APPLICABLE,Drug,Comparative Market,CM Drug,Key Account Data
16252,Brookshire Brothers Total CM,Food,Remaining Market,RM Food,Key Account Data
18150,Fareway Total CM,Food,TA,TA,Key Account Data
30691,Raleys Corp CM,Food,Remaining Market,RM Food,Key Account Data
51805,LEGACY SV East Region Indep CM,Food,Remaining Market,RM Food,Key Account Data
30693,Raleys Corp CM,Food,TA,TA,Key Account Data
43076,NOT APPLICABLE,Conv,KO Bottler,KO Bottler Conv,Custom SA
51810,LEGACY SV Supplied Indep CM,Food,Remaining Market,RM Food,Key Account Data
23625,NOT APPLICABLE,Mass,TA,TA,Key Account Data
20929,NOT APPLICABLE,Conv,TA,TA,Key Account Data
40655,NOT APPLICABLE,Food,KO Bottler,KO Bottler Food,Custom SA
32085,NOT APPLICABLE,xAOC,Remaining Market,RM xAOC,Key Account Data
40656,NOT APPLICABLE,Food,KO Bottler,KO Bottler Food,Custom SA
51565,BJs Greater Philadelphia CM,Food,Remaining Market,RM Food,Key Account Data
21795,DeCA East Total CM,Military,TA,TA,Key Account Data
43104,NOT APPLICABLE,Conv,SMM,SMM Conv,Custom SA
39435,NOT APPLICABLE,Drug,Comparative Market,CM Drug,Key Account Data
23654,NOT APPLICABLE,Mass,TA,TA,Key Account Data
38353,NOT APPLICABLE,Drug,KO Bottler,KO Bottler Drug,Custom SA
31454,NOT APPLICABLE,Mass,TA,TA,Key Account Data
40599,NOT APPLICABLE,Food,KO Bottler,KO Bottler Food,Custom SA
38363,NOT APPLICABLE,Drug,KO Bottler,KO Bottler Drug,Custom SA
17814,NOT APPLICABLE,Food,SMM,SMM Food,Syndicated
40663,NOT APPLICABLE,Food,KO Bottler,KO Bottler Food,Custom SA
44159,NOT APPLICABLE,xAOC,Remaining Market,RM xAOC,Key Account Data
17626,DeCA West Northwest ex AK & HI CM,Food,Remaining Market,RM Food,Key Account Data
17361,Delhaize America Total Corp CM,Food,TA,TA,Key Account Data
44324,Casey's General Store RGN 9057 CM,Conv,Remaining Market,RM Conv,Key Account Data
31433,NOT APPLICABLE,Mass,TA,TA,Key Account Data
16251,BJs Greater Boston CM,Club,TA,TA,Key Account Data
21449,Stater Bros Total CM,Food,Remaining Market,RM Food,Key Account Data
32074,NOT APPLICABLE,xAOC,Remaining Market,RM xAOC,Key Account Data
40694,NOT APPLICABLE,Food,KO Bottler,KO Bottler Food,Custom SA
45562,AWG Springfield CM,Food,TA,TA,Key Account Data
22450,ShopRite Zone 5 Long I./Staten I. CM,Food,TA,TA,Key Account Data
22026,Walgreens Total CM,Drug,Remaining Market,RM Drug,Key Account Data
36267,NOT APPLICABLE,Food,TA,TA,Key Account Data
43071,NOT APPLICABLE,Conv,KO Bottler,KO Bottler Conv,Custom SA
43859,NOT APPLICABLE,Mass,KO Bottler,KO Bottler Mass,Custom SA
17629,DeCA West Southwest CM,Food,Remaining Market,RM Food,Key Account Data
19088,Lowes Food Banner Total CM,Food,Remaining Market,RM Food,Key Account Data
38333,NOT APPLICABLE,Drug,KO Bottler,KO Bottler Drug,Custom SA
18032,Fareway Omaha CM,Food,Remaining Market,RM Food,Key Account Data
40709,NOT APPLICABLE,Food,KO Bottler,KO Bottler Food,Custom SA
23005,NOT APPLICABLE,xAOC,Remaining Market,RM xAOC,Key Account Data
51806,LEGACY SV Southeast CM,Food,Remaining Market,RM Food,Key Account Data
51582,BJs Total CM,Food,Remaining Market,RM Food,Key Account Data
38409,NOT APPLICABLE,Drug,KO Bottler,KO Bottler Drug,Custom SA
22782,NOT APPLICABLE,xAOC,Remaining Market,RM xAOC,Key Account Data
18469,Hannaford Total CM,Food,Remaining Market,RM Food,Key Account Data
15666,NOT APPLICABLE,Military,TA,TA,Key Account Data
23651,NOT APPLICABLE,Mass,TA,TA,Key Account Data
21103,Schnucks Core CM,Food,TA,TA,Key Account Data
51595,Circle K Gulf Coast CM,Conv,Remaining Market,RM Conv,Key Account Data
30678,NOT APPLICABLE,xAOC,Remaining Market,RM xAOC,Key Account Data
19926,NOT APPLICABLE,Military,TA,TA,Key Account Data
40646,NOT APPLICABLE,Food,KO Bottler,KO Bottler Food,Custom SA
36264,Dol Gen East South Central CM,Dollar,TA,TA,Key Account Data
40660,NOT APPLICABLE,Food,KO Bottler,KO Bottler Food,Custom SA
43959,Tops Eastern NY CM,Food,TA,TA,Key Account Data
38395,NOT APPLICABLE,Drug,KO Bottler,KO Bottler Drug,Custom SA
17846,NOT APPLICABLE,Food,SMM,SMM Food,Syndicated
37411,Americas Food Basket Boston CM,Food,TA,TA,Key Account Data
20935,Rouses Total CM,Food,Remaining Market,RM Food,Key Account Data
40516,NOT APPLICABLE,Mass,KO Bottler,KO Bottler Mass,Custom SA
41112,ALBSCO Eastern Metro DC Balt CM,Food,TA,TA,Key Account Data
18506,Hannaford NY & VT CM,Food,TA,TA,Key Account Data
32092,NOT APPLICABLE,xAOC,Remaining Market,RM xAOC,Key Account Data
40704,NOT APPLICABLE,Food,KO Bottler,KO Bottler Food,Custom SA
41853,ALBSCO Southern Div CM,Food,Remaining Market,RM Food,Key Account Data
34050,Cardenas Market No California  CM,Food,Remaining Market,RM Food,Key Account Data
15963,NOT APPLICABLE,Conv,TA,TA,Key Account Data
17850,NOT APPLICABLE,Food,SMM,SMM Food,Syndicated
21927,Thorntons Total CM,Conv,TA,TA,Key Account Data
44342,Casey's General Store RGN 9044 CM,Conv,Remaining Market,RM Conv,Key Account Data
43120,NOT APPLICABLE,Conv,KO Bottler,KO Bottler Conv,Custom SA
29657,Wegmans Pennsylvania CM,Food,TA,TA,Key Account Data
17835,NOT APPLICABLE,Food,SMM,SMM Food,Syndicated
45655,NOT APPLICABLE,Club,TA,TA,Key Account Data
34066,Wegmans Rochester CM,Food,TA,TA,Key Account Data
37548,Timewise Total CM,Conv,Remaining Market,RM Conv,Key Account Data
36258,Dol Gen Pacific CM,Dollar,TA,TA,Key Account Data
51593,Circle K Florida CM,Conv,Remaining Market,RM Conv,Key Account Data
43134,NOT APPLICABLE,Conv,SMM,SMM Conv,Custom SA
28313,NOT APPLICABLE,xAOC,Remaining Market,RM xAOC,Key Account Data
22046,Total DeCA CONUS ex AK & HI CM,Food,Remaining Market,RM Food,Key Account Data
45656,NOT APPLICABLE,Club,TA,TA,Key Account Data
17868,NOT APPLICABLE,Food,SMM,SMM Food,Syndicated
41155,NOT APPLICABLE,Food,TA,TA,Key Account Data
31425,NOT APPLICABLE,Mass,TA,TA,Key Account Data
16643,Coborns Cashwise Total Corp CM,Food,Remaining Market,RM Food,Key Account Data
38373,NOT APPLICABLE,Drug,KO Bottler,KO Bottler Drug,Custom SA
43113,NOT APPLICABLE,AMC,KO Bottler,KO Bottler AMC,Custom SA
22876,WFM Total CM,Food,TA,TA,Key Account Data
39366,NOT APPLICABLE,Drug,TA,TA,Key Account Data
44178,NOT APPLICABLE,xAOC,Remaining Market,RM xAOC,Key Account Data
23637,NOT APPLICABLE,Mass,TA,TA,Key Account Data
34344,WFM North Atlantic CM,Food,Remaining Market,RM Food,Key Account Data
30690,Raleys & Bel Air Banners Sacramento CM,Food,Remaining Market,RM Food,Key Account Data
40521,NOT APPLICABLE,Mass,KO Bottler,KO Bottler Mass,Custom SA
45653,NOT APPLICABLE,Club,TA,TA,Key Account Data
44338,Casey's General Store Total CM,Conv,TA,TA,Key Account Data
18920,NOT APPLICABLE,Food,TA,TA,Key Account Data
45721,WFM Pacific Northwest CM,Food,TA,TA,Key Account Data
40765,NOT APPLICABLE,Mass,KO Bottler,KO Bottler Mass,Custom SA
23627,NOT APPLICABLE,Mass,TA,TA,Key Account Data
16267,BJs Balt & Wash CM,Club,TA,TA,Key Account Data
45739,WFM Mid Atlantic CM,Food,Remaining Market,RM Food,Key Account Data
43047,NOT APPLICABLE,Conv,KO Bottler,KO Bottler Conv,Custom SA
31436,NOT APPLICABLE,Mass,TA,TA,Key Account Data
40649,NOT APPLICABLE,Food,KO Bottler,KO Bottler Food,Custom SA
29530,Schnucks Total CM,Food,Remaining Market,RM Food,Key Account Data
23639,NOT APPLICABLE,Mass,TA,TA,Key Account Data
51566,BJs Other New England CM,Food,Remaining Market,RM Food,Key Account Data
32101,NOT APPLICABLE,xAOC,Remaining Market,RM xAOC,Key Account Data
38344,NOT APPLICABLE,Drug,KO Bottler,KO Bottler Drug,Custom SA
41649,NOT APPLICABLE,xAOC,Remaining Market,RM xAOC,Key Account Data
23632,NOT APPLICABLE,Mass,TA,TA,Key Account Data
19641,Martins Total CM,Food,Remaining Market,RM Food,Key Account Data
43132,NOT APPLICABLE,AMC,KO Bottler,KO Bottler AMC,Custom SA
17825,NOT APPLICABLE,Food,SMM,SMM Food,Syndicated
18360,Giant Food Total CM,Food,TA,TA,Key Account Data
18095,Food Lion Total CM,Food,TA,TA,Key Account Data
47401,SpartanNash West Retail CM,Food,TA,TA,Key Account Data
43029,NOT APPLICABLE,Conv,KO Bottler,KO Bottler Conv,Custom SA
23618,NOT APPLICABLE,Mass,TA,TA,Key Account Data
31439,NOT APPLICABLE,Mass,TA,TA,Key Account Data
31455,NOT APPLICABLE,Mass,TA,TA,Key Account Data
38379,NOT APPLICABLE,Drug,KO Bottler,KO Bottler Drug,Custom SA
17817,NOT APPLICABLE,Food,SMM,SMM Food,Syndicated
32135,NOT APPLICABLE,Mass,TA,TA,Key Account Data
19928,NOT APPLICABLE,Military,TA,TA,Key Account Data
22936,NOT APPLICABLE,xAOC,Remaining Market,RM xAOC,Key Account Data
41122,NOT APPLICABLE,Food,TA,TA,Key Account Data
43135,NOT APPLICABLE,Conv,SMM,SMM Conv,Custom SA
19002,Kum & Go Total CM,Conv,TA,TA,Key Account Data
34348,WFM Rocky Mountain CM,Food,Remaining Market,RM Food,Key Account Data
40636,NOT APPLICABLE,Mass,KO Bottler,KO Bottler Mass,Custom SA
40535,NOT APPLICABLE,Food,KO Bottler,KO Bottler Food,Custom SA
17803,NOT APPLICABLE,Food,SMM,SMM Food,Syndicated
43053,NOT APPLICABLE,Conv,KO Bottler,KO Bottler Conv,Custom SA
23375,NOT APPLICABLE,xAOC,Remaining Market,RM xAOC,Key Account Data
43078,NOT APPLICABLE,Conv,KO Bottler,KO Bottler Conv,Custom SA
43048,NOT APPLICABLE,Conv,KO Bottler,KO Bottler Conv,Custom SA
32065,NOT APPLICABLE,xAOC,Remaining Market,RM xAOC,Key Account Data
22451,ShopRite Zone 3 Connecticut CM,Food,TA,TA,Key Account Data
23023,NOT APPLICABLE,xAOC,Remaining Market,RM xAOC,Key Account Data
38400,NOT APPLICABLE,Drug,KO Bottler,KO Bottler Drug,Custom SA
17821,NOT APPLICABLE,Food,SMM,SMM Food,Syndicated
40723,NOT APPLICABLE,Mass,KO Bottler,KO Bottler Mass,Custom SA
17842,NOT APPLICABLE,Food,SMM,SMM Food,Syndicated
43081,NOT APPLICABLE,Conv,SMM,SMM Conv,Custom SA
38404,NOT APPLICABLE,Drug,KO Bottler,KO Bottler Drug,Custom SA
45538,AWG Kansas City CM,Food,TA,TA,Key Account Data
33203,NOT APPLICABLE,xAOC,Remaining Market,RM xAOC,Key Account Data
18059,Food Lion Baltimore CM,Food,Remaining Market,RM Food,Key Account Data
47398,SpartanNash Total Wholesale & Retail CM,Food,TA,TA,Key Account Data
30597,Giant Eagle Total CM,Food,Remaining Market,RM Food,Key Account Data
45650,NOT APPLICABLE,Club,TA,TA,Key Account Data
51717,LEGACY SV Champaign CM,Food,TA,TA,Key Account Data
43042,NOT APPLICABLE,Conv,SMM,SMM Conv,Custom SA
43062,NOT APPLICABLE,Conv,KO Bottler,KO Bottler Conv,Custom SA
43072,NOT APPLICABLE,Conv,KO Bottler,KO Bottler Conv,Custom SA
30587,Giant Eagle Cleveland CM,Food,TA,TA,Key Account Data
22894,Wegmans Buffalo CM,Food,TA,TA,Key Account Data
38387,NOT APPLICABLE,Drug,KO Bottler,KO Bottler Drug,Custom SA
43080,NOT APPLICABLE,Conv,KO Bottler,KO Bottler Conv,Custom SA
41694,NOT APPLICABLE,xAOC,Remaining Market,RM xAOC,Key Account Data
20552,EG America Quik Stop CM,Conv,TA,TA,Key Account Data
41754,NOT APPLICABLE,xAOC,Remaining Market,RM xAOC,Key Account Data
41628,ALBSCO Portland Div CM,Food,TA,TA,Key Account Data
17839,NOT APPLICABLE,Food,SMM,SMM Food,Syndicated
51811,LEGACY SV West Region Indep CM,Food,Remaining Market,RM Food,Key Account Data
31079,Stop & Shop North CM,Food,Remaining Market,RM Food,Key Account Data
16856,NOT APPLICABLE,Food,TA,TA,Key Account Data
40769,NOT APPLICABLE,Mass,KO Bottler,KO Bottler Mass,Custom SA
40743,NOT APPLICABLE,Mass,KO Bottler,KO Bottler Mass,Custom SA
40707,NOT APPLICABLE,Food,KO Bottler,KO Bottler Food,Custom SA
45693,NOT APPLICABLE,xAOC,Remaining Market,RM xAOC,Key Account Data
36263,Dol Gen South Atlantic CM,Dollar,TA,TA,Key Account Data
38386,NOT APPLICABLE,Drug,KO Bottler,KO Bottler Drug,Custom SA
38355,NOT APPLICABLE,Drug,KO Bottler,KO Bottler Drug,Custom SA
51735,LEGACY SV Northern Division CM,Food,TA,TA,Key Account Data
43034,NOT APPLICABLE,Conv,KO Bottler,KO Bottler Conv,Custom SA
38466,GetGo Cleveland CM,Conv,Remaining Market,RM Conv,Key Account Data
31445,NOT APPLICABLE,Mass,TA,TA,Key Account Data
44347,Casey's General Store RGN 9034 CM,Conv,Remaining Market,RM Conv,Key Account Data
17852,NOT APPLICABLE,Food,SMM,SMM Food,Syndicated
37529,EG America Total CM,Conv,Remaining Market,RM Conv,Key Account Data
23198,WFM Midwest CM,Food,TA,TA,Key Account Data
18062,Food Lion Charlotte CM,Food,Remaining Market,RM Food,Key Account Data
32113,NOT APPLICABLE,xAOC,Remaining Market,RM xAOC,Key Account Data
44007,NOT APPLICABLE,Conv,KO Bottler,KO Bottler Conv,Custom SA
40690,NOT APPLICABLE,Food,KO Bottler,KO Bottler Food,Custom SA
23424,NOT APPLICABLE,xAOC,Remaining Market,RM xAOC,Key Account Data
22420,NOT APPLICABLE,xAOC,Remaining Market,RM xAOC,Key Account Data
17823,NOT APPLICABLE,Food,SMM,SMM Food,Syndicated
43119,NOT APPLICABLE,Conv,SMM,SMM Conv,Custom SA
45728,WFM Northern California CM,Food,Remaining Market,RM Food,Key Account Data
18311,Giant Martins Total CM,Food,Remaining Market,RM Food,Key Account Data
38389,NOT APPLICABLE,Drug,KO Bottler,KO Bottler Drug,Custom SA
34280,Rite Aid - Corp Total CM,Drug,TA,TA,Key Account Data
30688,Raleys & Bel Air Banners Total CM,Food,Remaining Market,RM Food,Key Account Data
23650,NOT APPLICABLE,Mass,TA,TA,Key Account Data
17841,NOT APPLICABLE,Food,SMM,SMM Food,Syndicated
38337,NOT APPLICABLE,Drug,KO Bottler,KO Bottler Drug,Custom SA
51381,NOT APPLICABLE,Mass,KO Bottler,KO Bottler Mass,Custom SA
40710,NOT APPLICABLE,Food,KO Bottler,KO Bottler Food,Custom SA
45542,AWG Memphis CM,Food,TA,TA,Key Account Data
20932,Rouses Total CM,Food,TA,TA,Key Account Data
45632,NOT APPLICABLE,xAOC,Remaining Market,RM xAOC,Key Account Data
39479,NOT APPLICABLE,Drug,TA,TA,Key Account Data
40721,NOT APPLICABLE,Mass,KO Bottler,KO Bottler Mass,Custom SA
44199,Publix Charlotte CM,Food,Remaining Market,RM Food,Key Account Data
22434,NOT APPLICABLE,xAOC,Remaining Market,RM xAOC,Key Account Data
51802,LEGACY SV Ft. Wayne CM,Food,Remaining Market,RM Food,Key Account Data
22649,NOT APPLICABLE,xAOC,Remaining Market,RM xAOC,Key Account Data
23131,NOT APPLICABLE,xAOC,Remaining Market,RM xAOC,Key Account Data
21435,Stop & Shop Total CM,Food,TA,TA,Key Account Data
43045,NOT APPLICABLE,Conv,KO Bottler,KO Bottler Conv,Custom SA
51557,NOT APPLICABLE,xAOC,Remaining Market,RM xAOC,Key Account Data
29519,Raleys Banner CM,Food,TA,TA,Key Account Data
43040,NOT APPLICABLE,Conv,SMM,SMM Conv,Custom SA
38381,NOT APPLICABLE,Drug,KO Bottler,KO Bottler Drug,Custom SA
40698,NOT APPLICABLE,Food,KO Bottler,KO Bottler Food,Custom SA
43106,NOT APPLICABLE,Conv,KO Bottler,KO Bottler Conv,Custom SA
43097,NOT APPLICABLE,AMC,KO Bottler,KO Bottler AMC,Custom SA
32097,NOT APPLICABLE,xAOC,Remaining Market,RM xAOC,Key Account Data
18101,Food Lion Washington CM,Food,TA,TA,Key Account Data
20939,NOT APPLICABLE,Conv,TA,TA,Key Account Data
43122,NOT APPLICABLE,Conv,KO Bottler,KO Bottler Conv,Custom SA
40125,El Rancho Supermercado Total CM,Food,Remaining Market,RM Food,Key Account Data
18549,Hy-Vee Total CM,Food,Remaining Market,RM Food,Key Account Data
19056,EG America Loaf & Jug CM,Conv,TA,TA,Key Account Data
43607,NOT APPLICABLE,Conv,KO Bottler,KO Bottler Conv,Custom SA
23610,NOT APPLICABLE,Mass,TA,TA,Key Account Data
43031,NOT APPLICABLE,Conv,KO Bottler,KO Bottler Conv,Custom SA
16229,Bashas Total CM,Food,TA,TA,Key Account Data
44333,Casey's General Store RGN 9034 CM,Conv,TA,TA,Key Account Data
40754,NOT APPLICABLE,Mass,KO Bottler,KO Bottler Mass,Custom SA
41624,ALBSCO Acme Div CM,Food,TA,TA,Key Account Data
31359,NOT APPLICABLE,Food,TA,TA,Key Account Data
40758,NOT APPLICABLE,Mass,KO Bottler,KO Bottler Mass,Custom SA
37819,Family Dollar California CM,Dollar,TA,TA,Key Account Data
30609,NOT APPLICABLE,xAOC,Remaining Market,RM xAOC,Key Account Data
34331,Wegmans Total CM,Food,Remaining Market,RM Food,Key Account Data
41847,ALBSCO Dal & Ft Wth CM,Food,Remaining Market,RM Food,Key Account Data
41114,ALBSCO Jewel Chicago CM,Food,TA,TA,Key Account Data
43129,NOT APPLICABLE,Conv,KO Bottler,KO Bottler Conv,Custom SA
51631,Circle K Rocky Mountains CM,Conv,TA,TA,Key Account Data
18840,King Kullen Total CM,Food,TA,TA,Key Account Data
22655,NOT APPLICABLE,xAOC,Remaining Market,RM xAOC,Key Account Data
32095,NOT APPLICABLE,xAOC,Remaining Market,RM xAOC,Key Account Data
19924,NOT APPLICABLE,Military,TA,TA,Key Account Data
31362,NOT APPLICABLE,Food,TA,TA,Key Account Data
43043,NOT APPLICABLE,Conv,SMM,SMM Conv,Custom SA
20989,NOT APPLICABLE,Conv,TA,TA,Key Account Data
20448,Piggly Wiggly Carolina Total CM,Food,TA,TA,Key Account Data
32093,NOT APPLICABLE,xAOC,Remaining Market,RM xAOC,Key Account Data
39405,NOT APPLICABLE,Drug,TA,TA,Key Account Data
41845,ALBSCO Los Angeles County CM,Food,Remaining Market,RM Food,Key Account Data
17820,NOT APPLICABLE,Food,SMM,SMM Food,Syndicated
43136,NOT APPLICABLE,Conv,KO Bottler,KO Bottler Conv,Custom SA
40703,NOT APPLICABLE,Food,KO Bottler,KO Bottler Food,Custom SA
31430,NOT APPLICABLE,Mass,TA,TA,Key Account Data
41213,NOT APPLICABLE,xAOC,Remaining Market,RM xAOC,Key Account Data
37104,Fiesta Dal & Ft. Worth CM,Food,Remaining Market,RM Food,Key Account Data
19960,Niemann Foods Total CM,Food,Remaining Market,RM Food,Key Account Data
41824,NOT APPLICABLE,Food,TA,TA,Key Account Data
43050,NOT APPLICABLE,Conv,KO Bottler,KO Bottler Conv,Custom SA
22427,NOT APPLICABLE,xAOC,Remaining Market,RM xAOC,Key Account Data
23668,NOT APPLICABLE,Mass,TA,TA,Key Account Data
40722,NOT APPLICABLE,Mass,KO Bottler,KO Bottler Mass,Custom SA
31082,NOT APPLICABLE,xAOC,Remaining Market,RM xAOC,Key Account Data
41786,NOT APPLICABLE,Food,TA,TA,Key Account Data
22536,NOT APPLICABLE,xAOC,Remaining Market,RM xAOC,Key Account Data
19009,KVAT Food City CM,Food,TA,TA,Key Account Data
45657,NOT APPLICABLE,Club,TA,TA,Key Account Data
29604,ALBSCO United Div CM,Food,Remaining Market,RM Food,Key Account Data
40742,NOT APPLICABLE,Mass,KO Bottler,KO Bottler Mass,Custom SA
43086,NOT APPLICABLE,Conv,KO Bottler,KO Bottler Conv,Custom SA
30673,Publix Lakeland CM,Food,TA,TA,Key Account Data
32126,NOT APPLICABLE,xAOC,Remaining Market,RM xAOC,Key Account Data
22495,NOT APPLICABLE,xAOC,Remaining Market,RM xAOC,Key Account Data
36262,Dol Gen New England CM,Dollar,TA,TA,Key Account Data
23661,NOT APPLICABLE,Mass,TA,TA,Key Account Data
41716,ALBSCO Total Company Plus Haggen CM,Food,TA,TA,Key Account Data
32082,NOT APPLICABLE,xAOC,Remaining Market,RM xAOC,Key Account Data
40695,NOT APPLICABLE,Food,KO Bottler,KO Bottler Food,Custom SA
38393,NOT APPLICABLE,Drug,KO Bottler,KO Bottler Drug,Custom SA
43046,NOT APPLICABLE,Conv,KO Bottler,KO Bottler Conv,Custom SA
30866,NOT APPLICABLE,Conv,TA,TA,Key Account Data
28904,ALBSCO Idaho CM,Food,TA,TA,Key Account Data
44334,Casey's General Store RGN 9027 CM,Conv,TA,TA,Key Account Data
18144,Fareway Des Moines CM,Food,TA,TA,Key Account Data
40523,NOT APPLICABLE,Mass,KO Bottler,KO Bottler Mass,Custom SA
30588,NOT APPLICABLE,Food,TA,TA,Key Account Data
38122,NOT APPLICABLE,Drug,KO Bottler,KO Bottler Drug,Custom SA
40509,NOT APPLICABLE,Mass,KO Bottler,KO Bottler Mass,Custom SA
38385,NOT APPLICABLE,Drug,KO Bottler,KO Bottler Drug,Custom SA
38343,NOT APPLICABLE,Drug,KO Bottler,KO Bottler Drug,Custom SA
23643,NOT APPLICABLE,Mass,TA,TA,Key Account Data
45725,WFM Southwest CM,Food,TA,TA,Key Account Data
41788,NOT APPLICABLE,xAOC,Remaining Market,RM xAOC,Key Account Data
15965,NOT APPLICABLE,Conv,TA,TA,Key Account Data
43124,NOT APPLICABLE,Conv,KO Bottler,KO Bottler Conv,Custom SA
51746,LEGACY SV Seattle Tacoma Division CM,Food,TA,TA,Key Account Data
41768,ALBSCO So Cal Div CM,Food,TA,TA,Key Account Data
44221,Tops Central NY CM,Food,Remaining Market,RM Food,Key Account Data
16472,Brookshire Total CM,Food,TA,TA,Key Account Data
43131,NOT APPLICABLE,AMC,KO Bottler,KO Bottler AMC,Custom SA
41124,NOT APPLICABLE,Food,TA,TA,Key Account Data
18098,NOT APPLICABLE,xAOC,Remaining Market,RM xAOC,Key Account Data
18071,NOT APPLICABLE,Food,TA,TA,Key Account Data
29661,Wegmans Virginia/Maryland CM,Food,Remaining Market,RM Food,Key Account Data
22501,NOT APPLICABLE,xAOC,Remaining Market,RM xAOC,Key Account Data
41744,NOT APPLICABLE,xAOC,Remaining Market,RM xAOC,Key Account Data
32133,NOT APPLICABLE,Mass,TA,TA,Key Account Data
40730,NOT APPLICABLE,Mass,KO Bottler,KO Bottler Mass,Custom SA
15672,NOT APPLICABLE,Military,TA,TA,Key Account Data
41119,NOT APPLICABLE,Food,TA,TA,Key Account Data
29556,ALBSCO Shaws New England CM,Food,Remaining Market,RM Food,Key Account Data
40645,NOT APPLICABLE,Food,KO Bottler,KO Bottler Food,Custom SA
43100,NOT APPLICABLE,AMC,KO Bottler,KO Bottler AMC,Custom SA
39471,NOT APPLICABLE,Drug,Comparative Market,CM Drug,Key Account Data
38332,NOT APPLICABLE,Drug,KO Bottler,KO Bottler Drug,Custom SA
43087,NOT APPLICABLE,Conv,KO Bottler,KO Bottler Conv,Custom SA
18068,Food Lion Greensboro CM,Food,TA,TA,Key Account Data
38359,NOT APPLICABLE,Drug,KO Bottler,KO Bottler Drug,Custom SA
43116,NOT APPLICABLE,Conv,SMM,SMM Conv,Custom SA
23436,NOT APPLICABLE,xAOC,Remaining Market,RM xAOC,Key Account Data
41121,ALBSCO Acme New York CM,Food,TA,TA,Key Account Data
17837,NOT APPLICABLE,Food,SMM,SMM Food,Syndicated
32127,NOT APPLICABLE,Mass,TA,TA,Key Account Data
37432,Americas Food Basket NY CM,Food,TA,TA,Key Account Data
34371,NOT APPLICABLE,xAOC,Remaining Market,RM xAOC,Key Account Data
45509,AWG Memphis CM,Food,Remaining Market,RM Food,Key Account Data
31443,NOT APPLICABLE,Mass,TA,TA,Key Account Data
32076,NOT APPLICABLE,xAOC,Remaining Market,RM xAOC,Key Account Data
40760,NOT APPLICABLE,Mass,KO Bottler,KO Bottler Mass,Custom SA
17869,NOT APPLICABLE,Food,SMM,SMM Food,Syndicated
31416,NOT APPLICABLE,Mass,TA,TA,Key Account Data
31431,NOT APPLICABLE,Mass,TA,TA,Key Account Data
30671,Publix Atlanta CM,Food,TA,TA,Key Account Data
34323,Tony's Finer Foods CM,Food,TA,TA,Key Account Data
51379,NOT APPLICABLE,Food,KO Bottler,KO Bottler Food,Custom SA
38398,NOT APPLICABLE,Drug,KO Bottler,KO Bottler Drug,Custom SA
29664,Wegmans Total New York CM,Food,TA,TA,Key Account Data
38402,NOT APPLICABLE,Drug,KO Bottler,KO Bottler Drug,Custom SA
